:020000040800F2
:1000000000060020E1020008E3020008E302000805
:10001000E3020008E3020008E3020008E30200082C
:10002000E3020008E3020008E3020008C9770008C1
:10003000E3020008E3020008E3020008E30200080C
:10004000E3020008E3020008E3020008E3020008FC
:10005000E3020008E3020008E3020008E3020008EC
:10006000E3020008E3020008E30200085D4600081E
:1000700085460008B1460008DD460008094700082B
:10008000314700085D470008E3020008E30200086A
:10009000E3020008E3020008E3020008E3020008AC
:1000A000E3020008E3020008E3020008E30200089C
:1000B000E3020008E3020008E3020008E30200088C
:1000C000E3020008E3020008E3020008E30200087C
:1000D000E3020008E3020008E3020008C586000806
:1000E000E3020008E3020008E3020008E30200085C
:1000F000E3020008E3020008E30200088947000861
:10010000E3020008E302000801870008E302000898
:10011000E3020008D9860008E3020008E3020008B1
:10012000B5470008DD4700080948000835480008C1
:1001300061480008E3020008E3020008E302000847
:10014000E3020008E3020008E3020008E3020008FB
:1001500089480008B5480008E1480008E3020008A3
:10016000E3020008E3020008E3020008E3020008DB
:10017000E3020008A1830008E3020008E30200088C
:10018000E3020008E3020008ED860008E30200082D
:10019000E3020008E3020008E3020008E3020008AB
:1001A000E3020008E3020008E3020008E30200089B
:1001B000E3020008E3020008E3020008E30200088B
:1001C000E3020008E3020008E3020008E30200087B
:1001D000E30200088D830008E3020008E302000840
:1001E000E3020008E3020008E3020008E30200085B
:1001F000E3020008E3020008E3020008E30200084B
:10020000E3020008E3020008E3020008E30200083A
:10021000E3020008E3020008E3020008E30200082A
:10022000E3020008E3020008E3020008E30200081A
:10023000B1860008E3020008E3020008E3020008B8
:10024000E3020008E3020008E3020008E3020008FA
:10025000E3020008E3020008E3020008E3020008EA
:10026000E3020008E3020008E3020008E3020008DA
:10027000E3020008E3020008E3020008E3020008CA
:10028000E3020008E3020008E3020008E3020008BA
:10029000E3020008E3020008E3020008E3020008AA
:1002A000E3020008E3020008E3020008E30200089A
:1002B000E3020008E3020008E3020008E30200088A
:1002C000E3020008E3020008E3020008E30200087A
:1002D000E3020008E3020008E3020008E30200086A
:1002E00002E000F000F8FEE772B6374880F30888B5
:1002F000364880F3098836483649086040F20000E5
:10030000CCF200004EF63471CEF200010860BFF36B
:100310004F8FBFF36F8F40F20000C0F2F0004EF637
:100320008851CEF200010860BFF34F8FBFF36F8F8B
:100330004FF00000E1EE100A4EF63C71CEF20001E3
:100340000860062080F31488BFF36F8F07F09EFAD1
:1003500006F0CEFB4FF055301F491B4A91423CBF7F
:1003600041F8040BFAE71D49184A91423CBF41F895
:10037000040BFAE71A491B4A1B4B9A423EBF51F83D
:10038000040B42F8040BF8E700201849184A914280
:100390003CBF41F8040BFAE707F0B6FA06F02EFC72
:1003A000144C154DAC4203DA54F8041B8847F9E7A6
:1003B00000F0C4F9114C124DAC4203DA54F8041B9E
:1003C0008847F9E707F09EBA0006002000220020C7
:1003D0000000000808ED00E00000002000060020FA
:1003E000609B000800220020742200207822002058
:1003F000B4660020E0020008E0020008E002000805
:10040000E00200082DE9F04F2DED108AC1F80CD064
:10041000D0F80CD0BDEC108ABDE8F08F002383F338
:1004200011882846A047002006F044F9FEE706F0B0
:1004300097F800DFFEE7000053B94AB9002908BF6A
:1004400000281CBF4FF0FF314FF0FF3000F074B9AF
:10045000ADF1080C6DE904CE00F006F8DDF804E01B
:10046000DDE9022304B070472DE9F047089D0446FA
:100470008E46002B4DD18A42944669D9B2FA82F257
:1004800052B101FA02F3C2F1200120FA01F10CFA93
:1004900002FC41EA030E94404FEA1C48210CBEFBCB
:1004A000F8F61FFA8CF708FB16E341EA034306FB54
:1004B00007F199420AD91CEB030306F1FF3080F0E3
:1004C0001F81994240F21C81023E63445B1AA4B230
:1004D000B3FBF8F008FB103344EA034400FB07F7D2
:1004E000A7420AD91CEB040400F1FF3380F00A8113
:1004F000A74240F207816444023840EA0640E41B08
:1005000000261DB1D4400023C5E900433146BDE8B3
:10051000F0878B4209D9002D00F0EF800026C5E955
:10052000000130463146BDE8F087B3FA83F6002E6D
:100530004AD18B4202D3824200F2F980841A61EBE5
:10054000030301209E46002DE0D0C5E9004EDDE703
:1005500002B9FFDEB2FA82F2002A40F09280A1EBEB
:100560000C014FEA1C471FFA8CFE0126200CB1FB40
:10057000F7F307FB131140EA01410EFB03F0884239
:1005800008D91CEB010103F1FF3802D2884200F2C6
:10059000CB804346091AA4B2B1FBF7F007FB101158
:1005A00044EA01440EFB00FEA64508D91CEB0404F6
:1005B00000F1FF3102D2A64500F2BB800846A4EB51
:1005C0000E0440EA03409CE7C6F12007B34022FA3C
:1005D00007FC4CEA030C20FA07F401FA06F31C436B
:1005E000F9404FEA1C4900FA06F3B1FBF9F8200C78
:1005F0001FFA8CFE09FB181140EA014108FB0EF0BE
:10060000884202FA06F20BD91CEB010108F1FF3A0D
:1006100080F08880884240F28580A8F10208614419
:10062000091AA4B2B1FBF9F009FB101144EA014127
:1006300000FB0EFE8E4508D91CEB010100F1FF34D2
:100640006CD28E456AD90238614440EA0840A0FB6A
:100650000294A1EB0E01A142C846A64656D353D040
:100660005DB1B3EB080261EB0E0101FA07F722FA64
:1006700006F3F1401F43C5E9007100263146BDE88D
:10068000F087C2F12003D8400CFA02FC21FA03F3F0
:10069000914001434FEA1C471FFA8CFEB3FBF7F071
:1006A00007FB10360B0C43EA064300FB0EF69E4296
:1006B00004FA02F408D91CEB030300F1FF382FD22F
:1006C0009E422DD9023863449B1B89B2B3FBF7F6D7
:1006D00007FB163341EA034106FB0EF38B4208D9B0
:1006E0001CEB010106F1FF3816D28B4214D9023EF1
:1006F0006144C91A46EA004638E72E46284605E70F
:100700000646E3E61846F8E64B45A9D2B9EB0208DF
:1007100064EB0C0E0138A3E74646EAE7204694E76F
:100720004046D1E7D0467BE7023B614432E73046A2
:1007300009E76444023842E7704700BF38B501F06A
:10074000FBF901F093FB06F0F1FE054607F02EF8E9
:100750000446D0B90F4B9D4219D001339D4241F25E
:10076000883504BF01240025002006F0E9FE0CB105
:1007700000F076F801F01AFB00F022FD08B100F05D
:100780006FF8284600F00EF9F9E70025ECE705467A
:10079000EAE700BF010007B008B501F099F9A0F140
:1007A00020035842584108BD07B5042101900DEBC4
:1007B000010001F0ABF903B05DF804FB38B530235C
:1007C00083F31188174803680BB106F057F800232C
:1007D000154A4FF47A71134806F046F8002383F364
:1007E0001188124C236813B12368013B23606368AE
:1007F00013B16368013B63600D4D2B7833B96368B7
:100800007BB9022001F044FA322363602B78032B7A
:1008100007D163682BB9022001F03AFA4FF47A73DA
:10082000636038BD78220020BD07000898230020AF
:1008300090220020084B187003280CD8DFE800F045
:1008400008050208022001F021BA022001F01CBABA
:10085000024B00225A60704790220020982300200B
:10086000F8B5494B494A1C461968013100F08A80A5
:1008700004339342F8D16268454B9A4240F2828039
:10088000444B9B6803F1006303F500339A4279D22D
:10089000002001F06BF90220FFF7CCFF3E4B002156
:1008A0009A6C99641A6F19671A6FDA6CD9645A6F67
:1008B00059675A6F1A6D19659A6F99679B6F374B15
:1008C000D3F8802042F00062C3F88020D3F8802063
:1008D00022F00062C3F88020D3F88020D3F8802073
:1008E00042F00072C3F88020D3F8802022F000721A
:1008F000C3F88020D3F8803072B64FF0E023C3F8FD
:10090000084DD4E90004BFF34F8FBFF36F8F244A23
:10091000C2F88410BFF34F8F536923F480335361BF
:10092000BFF34F8FD2F8803043F6E076C3F3C905AA
:10093000C3F34E335B0103EA060C29464CEA817788
:100940000139C2F87472F9D2203B13F1200FF2D1B1
:10095000BFF34F8FBFF36F8FBFF34F8FBFF36F8F17
:10096000536923F4003353610023C2F85032BFF3BC
:100970004F8FBFF36F8F302383F31188854680F349
:1009800008882047F8BD00BF0000020820000208C8
:10099000FFFF0108002200200045025800440258D1
:1009A00000ED00E02DE9F04F95B0DFF8D89220225D
:1009B000FF21029004A8D9F8085001F0A1F9A84A33
:1009C0001378A3B90121A74811700360302383F382
:1009D000118803680BB105F051FF0023A24A4FF4C0
:1009E0007A71A04805F040FF002383F31188029B31
:1009F00013B19E4B029A1A609D4A1378032B03D0C1
:100A000000231370994A53604FF0000B029C5E461E
:100A1000DA46CDF804B0012001F038F924B1934B47
:100A20001B68002B00F02882002001F051F8B0F183
:100A30000008F3DB012001F027F9A8F121031F2BA7
:100A4000E9D801A252F823F0C90A0008E50A000813
:100A5000730B0008170A0008170A0008170A000895
:100A6000FD0B0008EF0D0008E10C00083D0D00082B
:100A7000630D0008890D0008170A00089B0D000887
:100A8000BF0D0008370E0008510B0008170A0008B8
:100A90007F0E0008D50A0008510B0008170A00084D
:100AA0003D0D0008170A0008170A0008170A000879
:100AB000170A0008170A0008170A0008170A000892
:100AC000170A0008730B00080220FFF765FE0028D4
:100AD00040F0FF81029B02216648BBF1000F08BF76
:100AE0001C4640E04FF47A7000F0F2FF071EF1DB85
:100AF0000220FFF751FE0028ECD0013F052F00F245
:100B0000EA81DFE807F003070A0D10330520FFF73D
:100B10004BFE14E0D9F80000F9E7D9F80400F6E735
:100B2000D9F80800F3E74FF01C08404608F1040824
:100B300001F01EF8FFF738FEB8F12C0FF5D10120B7
:100B4000019B4FF0000A00FA07F71F43FBB2019325
:100B500001F022F92EB1019B03F00B030B2B08BF10
:100B600000240221444800F0D1FF54E7D9F80C00DA
:100B7000CDE7002EAED0019B03F00B030B2BA9D1C8
:100B80000220FFF709FE07460028A3D00120002617
:100B900000F0ECFF0220FFF74DFE1FFA86FB5846DF
:100BA00000F0F4FF044688B1A8F14002584601362F
:100BB0005142514100F0FAFF0028EED1BB460446F5
:100BC00002212E483E4600F0A1FF24E725460120E1
:100BD000FFF730FED9F80830AB4207D9284600F0BD
:100BE000C7FF013040F07A810435F3E70025204B40
:100BF000BB463E461D701D4B5D60A9E7002E3FF4CD
:100C000069AF019B03F00B030B2B7FF463AF022052
:100C1000FFF710FE322000F05BFFB0F10008FFF696
:100C200059AF18F003077FF455AF08EB0503D9F867
:100C3000082093423FF64EAFB8F5807F3FF74AAFAA
:100C40000F4BB84503931FDD4FF47A7000F040FF5F
:100C50000028FFF63FAF039B013703F8010BF0E7D5
:100C60009423002078220020BD070008982300204C
:100C700090220020149100080C91000810910008A7
:100C80009422002000220020C820FFF785FD07469F
:100C900000283FF41FAF1F2D11D8C5F1200204AB6F
:100CA00025F003008F494245184428BF424603926D
:100CB00001F000F8039AFF218A4801F021F84FEA79
:100CC000A803C8F3870287492846039301F020F858
:100CD000064600283FF474AF039B05EB830537E716
:100CE0000220FFF759FD00283FF4F4AE00F07CFF2E
:100CF00000283FF4EFAE0027B846D9F80830BB42D1
:100D000018D91F2F11D8049B01330ED027F00303ED
:100D100014AA134453F8403C0C93404604220CA9F7
:100D2000043701F03BF98046E7E7384600F020FF42
:100D30000C90F2E74046FFF737FD09E700236421F6
:100D40000CA80C9300F0D8FE00287FF4C3AE02205C
:100D5000FFF722FD00283FF4BDAE0C9800F03AFFEB
:100D6000E9E7002364210CA80C9300F0C5FE0028DD
:100D70007FF4B0AE0220FFF70FFD00283FF4AAAECB
:100D80000C9800F029FFD6E70220FFF705FD0028A8
:100D90003FF4A0AE00F038FFCDE70220FFF7FCFCE7
:100DA00000283FF497AE0CA9142000F033FF039005
:100DB000FFF7FAFC03990CA800F0A8FEC8E6022091
:100DC000FFF7EAFC00283FF485AE474B0CAF03F178
:100DD000100C1868083353F8041C3A46634503C2E4
:100DE0001746F6D11020FFF7DFFC1021E3E7322091
:100DF00000F06EFE071EFFF66DAEBB077FF46AAE15
:100E000007EB0A03D9F8082093423FF663AE0220AD
:100E1000FFF7C2FC00283FF45DAE27F003075744FC
:100E2000BA453FF495AE50460AF1040A00F0A0FE20
:100E3000FFF7BAFCF4E74FF47A70FFF7ADFC002837
:100E40003FF448AE00F0D0FE002849D0049B0133A7
:100E50000BD0082204A9002000F05AFF00283FD040
:100E60002022FF2104A800F04BFF2048022100F0BF
:100E70004DFE1F4805F024FC15B0BDE8F08F002E94
:100E80003FF428AE019B03F00B030B2B7FF422AE43
:100E9000002364210CA80C9300F02EFE07460028C6
:100EA0007FF418AE0220FFF777FC804600283FF45D
:100EB00011AE02210D4800F029FE41F2883005F004
:100EC000FFFB0C9800F0B0FF46463C4600F064FF84
:100ED000A1E506463CE64FF0000AFBE5BB466FE69F
:100EE00037466DE694220020F89000080C91000827
:100EF000A0860100704700007047000070470000A6
:100F00002DE9F04100F58037044616463B7C5BB97D
:100F1000C0681030204400F0CDFEE5683544B5F5DA
:100F2000004FE56002D816B1BDE8F081DEB905F0EA
:100F30007F0605F110000021C6F180062044F6B2BC
:100F400032462E4400F0DCFEA06804F11008324660
:100F500000F10060414600F5003006F087F830B936
:100F600001233B74E0E74FF400463546ECE7A26806
:100F700005F11001404632442144A260E268521B50
:100F8000E26000F097FE0220BDE8F04100F080BE74
:100F9000183000F0E9BC000010B5044601F01AF862
:100FA000204610BD10B5044601F014F8204610BDCF
:100FB000C0B2A0F14103052B02D83738C0B2704748
:100FC000A0F16103052B94BF57383038F6E70000D5
:100FD00070B504461546084603220C4900F074FE1D
:100FE000014688B908346E1C15F91100FFF7E0FFBF
:100FF000024616F911000131FFF7DAFF102940EA25
:10100000021004F8010BEFD170BD00BF1891000869
:101010002DE9F04FADF53F7D0746416801222AA832
:1010200002F0C8FE002840F08780064682468146CE
:101030001125DFF80C81DFF80CB101AB4FF48052C1
:1010400041462AA803F016F8002875D1019AB2F596
:10105000805F71D8002A65D00446019A9442ECD290
:10106000282D0FD008DC132D2DD01E2D39D0112D99
:1010700013D00134A4B2F0E7322D2DD0372D2FD06C
:101080002D2DF6D13B68121B08EB040138461B6975
:101090002D259847BDF80440EBE7121B022A09D919
:1010A000594608EB040000F00FFE18B90234282559
:1010B000A4B2DEE718F804303A2B3DD00A2B1CBF4F
:1010C000A1461325D5E718F804300A2B34D03A2B63
:1010D00004BFA2463225CCE718F80430202BC8D034
:1010E000264618F804300A2B1AD1AAEB090208EB9D
:1010F000090102A811254F2A28BF4F2207F0E8FF57
:10110000A21B08EB060116A84F2A28BF4F2207F0A2
:10111000DFFF3B6816AA02A9DB6838469847A8E7B4
:101120001E25A6E73B68384604491B6998470120FD
:101130000DF53F7DBDE8F08F0020F9E71A92000819
:10114000A02300201C91000800F1180110B50446EE
:1011500086B00846019100F0F1FB2046FFF758FFEA
:1011600060B1019902A800F049FC102204F10801C5
:1011700002A807F06DFFB0FA80F0400906B010BD7C
:1011800070B504460025EEB2304600F0FFFC58B1C1
:1011900000213046013500F009FD08B9002070BD7E
:1011A000022000F075FDEEE72046FFF731FF002832
:1011B000F4D004F58034207C80F00100EFE70000DB
:1011C000F0B5C9B006F0CAF900F020FF18B9002543
:1011D000284649B0F0BD69462A4803F00DF80028BA
:1011E0004BD1294C204603F037F8284803F034F857
:1011F000274803F031F82146224803F0A9F80028D7
:10120000E5D1702000F0E0FE064610B1214B4460AD
:101210000360336830469B689847054600282ED007
:101220001A4F1948394603F093F805460028CED1E5
:10123000194800F0C9FE044638B1184B47600360F6
:1012400000F58033C0E902551D74236820469B6871
:101250009847054628B10E490C4803F079F8002854
:10126000B5D1336830465B6898471CB12368204687
:101270005B68984700F0B2FEAAE70025FAE704464B
:10128000EFE700BF20910008309100084791000867
:101290005D91000880910008140001009C910008F5
:1012A0002DE9F04FD44A8DB00B68D0F804A001931B
:1012B0001A440368D14E1A44D1F81C90DFF8B4C325
:1012C000DFF8B4B3D0E90234634003EA0A036340B1
:1012D00013444A6802920AEB7363029CC84A224490
:1012E000C468224484688AEA04051D4065401544A8
:1012F0008A68039203EB3555039CC24A22448468F2
:1013000022448AEA03042C4084EA0A041444CA688A
:1013100005EBF4340492164483EA05022240564455
:101320005A4032440E69059604EBB222059FB64E30
:101330003E441E4485EA040313406B4033444E6927
:10134000069602EB7363069FB04E3E442E4484EA39
:1013500002051D40654035448E69079603EB3555FF
:10136000079FAB4E3E44264482EA03042C4054407F
:101370003444A84E4E4405EBF434164483EA050287
:1013800022405A4032440E6A089604EBB222089F6B
:10139000A14E3E441E4485EA040313406B4033448F
:1013A0004E6A099602EB7363099F9C4ED1F830E0B8
:1013B0003E44D1F83880F3442E4484EA02051D40AF
:1013C000654035448E6AA6F5244703EB35550A96E9
:1013D0004F3F274482EA03042C4054403C44CF6AE8
:1013E0000B9705EBF4340B9E8D4F3744029E174448
:1013F00083EA050222405A403A448A4F774404EB7C
:10140000B2221F4485EA040313406B403B444F6BF8
:10141000BC4402EB7363654484EA020C0CEA030CDF
:101420008CEA040C6544DFF854C2C44403EB355520
:10143000A44482EA03042C4054406444D1F83CC0E4
:10144000794905EBF4346144114483EA05022240F2
:101450005A400A44754904EBB2223144079E1944AC
:1014600084EA02032B4063400B44714902EBF363AF
:1014700031440B9E0D4482EA03012140514029442E
:101480006C4D03EBF1513544019E254483EA010480
:1014900014405C402C44684D01EBB4443544069E36
:1014A000154481EA04021A404A402A44634D04EB81
:1014B000323235440A9E1D4484EA02030B406340E5
:1014C0002B445F4D02EBF3633544059E0D4482EAE5
:1014D00003012140514029445A4D03EBF151654429
:1014E000254483EA010414405C402C44564D01EB32
:1014F000B4443544099E154481EA04021A404A4026
:101500002A44524D04EB32323544049E1D4484EA91
:1015100002030B4063402B444D4D02EBF363454403
:101520000D4482EA0301214051402944494D03EB17
:10153000F1513544089E2C4483EA010515405D4075
:101540002C44454D01EBB4443544039E2A4481EAC2
:1015500004051D404D402A44404D04EB32323D44C9
:101560002B4484EA020593440D4065402B443C4DD6
:1015700002EBF3633544069E294482EA03052540C5
:1015800055402944374D03EBF1514D442C4483EA37
:10159000010515405D40254401EBB54581EA050490
:1015A00004EA03024A405A44A6F5B82B089E05EB0C
:1015B0003232ABF2BE6B54405B4423442A4C344479
:1015C00002EB33730B9E0C4485EA0201594021441F
:1015D000264C344403EB7151029E254482EA0304F5
:1015E0004C402544224C444401EB3545144483EAE5
:1015F00001026A40224443E078A46AD7EECEBDC11E
:1016000056B7C7E8DB702024AF0F7CF52AC68747A2
:10161000134630A8019546FDD8988069AFF7448BF2
:10162000BED75C892211906B2108B44962251EF651
:1016300040B340C0515A5E26AAC7B6E95D102FD606
:101640005314440281E6A1D8C8FBD3E7E6CDE121DB
:10165000D60737C3870DD5F4ED145A4505E9E3A93C
:10166000F8A3EFFCD9026F6781F6718722619D6D47
:101670000C38E5FD937198FD8A4C2A8D8E4379A62E
:10168000934C344405EB7222059E1C4481EA050309
:10169000534023448F4C344402EB33730A9E0C4472
:1016A00085EA0201594021448B4C4C4403EB7151B3
:1016B000254482EA03044C402C44884D354401EB18
:1016C0003444019E154483EA010262402A44844D59
:1016D0003D4404EB72221D4481EA040353402B4431
:1016E000804D354402EB3373049E294484EA02059D
:1016F0005D4029447C4D354403EB7151079E2544E0
:1017000082EA03044C402C44784D354401EB3444C8
:10171000099E2A4483EA010565401544744A32440F
:1017200004EB7525039E134481EA04026A401A44BF
:10173000704B734405EB32720B4484EA050151404F
:1017400019446D4B634402EB71511C4485EA02035A
:101750004B401C44694B334401EB3444019E1D440F
:1017600082EA010363402B44654D04EB7323354447
:10177000069E154463EA010262402A44614D03EB70
:10178000B2624D4462EA040929445F4D89EA0309C3
:10179000454449442C445D4D02EBB1513544049E0F
:1017A00061EA03081D4488EA0208444401EB7444DA
:1017B00064EA02034B402B44554D04EBF32375447C
:1017C00063EA010E15448EEA040E0EEB0502514D3C
:1017D00003EBB262354462EA040E29440A9D8EEAA4
:1017E000030EA5F580164C4D7144A6F6833602EB28
:1017F000B151264461EA030454403444029E01EB93
:101800007444354464EA02061D444E407319089E30
:10181000424D04EBF323354463EA01061544664068
:1018200072193F4D03EBB262654462EA0406294433
:101830003C4D5E403144079E02EBB151354461EAB4
:1018400003062C44384D56403D443444059E1D4407
:1018500001EB744464EA02034B402B44334D04EB28
:10186000F32335440B9E154463EA010262402A4487
:101870002F4D03EBB2623544039E0D4462EA04012E
:10188000594029442B4D02EBB15135442A4E254491
:1018900061EA030454402C44099D01EB74442E4436
:1018A00064EA02051E4485EA01039D1903681A448F
:1018B0000AEB040303EBF5230260436083681C44D6
:1018C000C36819448460C1600DB0BDE8F08F00BFEB
:1018D00044EABEA4A9CFDE4B604BBBF670BCBFBED2
:1018E000C67E9B28FA27A1EA8530EFD4051D88041F
:1018F00039D0D4D9E599DBE6F87CA21F6556ACC493
:10190000442229F497FF2A43A72394AB39A093FCE0
:10191000C3595B6592CC0C8FD15D84854F7EA86FD7
:10192000E0E62CFE144301A3A111084E827E53F77A
:1019300035F23ABDBBD2D72A91D386EB094B03606F
:1019400003F18833436003F12943A3F59613A3F60B
:101950008B638360A3F18833C3600023C0E9043341
:10196000704700BF012345672DE9F843144602691B
:1019700005460E46E300C2F3C50800F118079B18A0
:10198000036122BF43690133436112F4FC7F436961
:1019900003EB5473436114D0C8F1400907EB08000E
:1019A0004C4504D22246BDE8F84307F061BB403CF9
:1019B0004A464E4407F05CFB444439462846FFF74C
:1019C0006FFCA04606EB0409B8F13F0FA9EB080134
:1019D0000AD94022384607F04BFB39462846A8F181
:1019E0004008FFF75DFCEFE7A1096FF03F023846C2
:1019F00002FB014206EB8111D5E7000070B50B69CF
:101A000001F1180506460C46C3F3C503EA18501C3D
:101A10008022EA54C3F13F02072A1FD8002100F0B8
:101A20006FF929462046FFF73BFC38220021284663
:101A300000F066F9236929462046236563696365DA
:101A4000FFF72EFC21461022304607F011FB2046FE
:101A500058220021BDE8704000F052B9C3F13702AE
:101A60000021E5E72DE9F84F4FF47A7306460D465D
:101A7000002402FB03F7DFF85080DFF8509098F95C
:101A800000305FFA84FA5A1C01D0A34210D159F8F1
:101A900024002A4631460368D3F820B03B46D84795
:101AA000854205D1074B012083F800A0BDE8F88FDF
:101AB0000134042CE3D14FF4FA7004F001FE00204D
:101AC000F4E700BFE433002010220020142200209D
:101AD000002307B5024601210DF107008DF80730FC
:101AE000FFF7C0FF20B19DF8070003B05DF804FBCD
:101AF0004FF0FF30F9E700000A46042108B5FFF770
:101B0000B1FF80F00100C0B2404208BD074B0A4659
:101B100030B41978064B53F821400146236820461B
:101B2000DD69044BAC4630BC604700BFE4330020A5
:101B300014220020A086010070B50A4E00240A4D30
:101B400005F038FA308028683388834208D905F0D8
:101B50002DFA2B6804440133B4F5003F2B60F2D317
:101B600070BD00BFE6330020A033002005F0FCBAB2
:101B700000F1006000F500300068704700F100607F
:101B8000920000F5003005F071BA0000054B1A68AC
:101B9000054B1B889B1A834202D9104405F006BAF4
:101BA00000207047A0330020E633002038B50446FB
:101BB000074D29B128682044BDE8384005F00EBA29
:101BC0002868204405F0F8F90028F3D038BD00BF9C
:101BD000A03300200020704700F1FF5000F58F1067
:101BE000D0F8000870470000064991F8243033B15E
:101BF00000230822086A81F82430FFF7BFBF0120C4
:101C0000704700BFA4330020014B1868704700BF25
:101C10000010005C194B01380322084470B51D68A0
:101C2000174BC5F30B042D0C1E88A6420BD15C6824
:101C30000A46013C824213460FD214F9016F4EB19D
:101C400002F8016BF6E7013A03F10803ECD1814297
:101C50000B4602D22C2203F8012B0424094A1688D1
:101C6000AE4204D1984284BF967803F8016B013CE0
:101C700002F10402F3D1581A70BD00BF0010005CDD
:101C800024220020DC91000870470000704700000B
:101C90007047000070B504464FF47A764CB1412C81
:101CA000254628BF412506FB05F0641B04F008FD0E
:101CB000F4E770BD002310B5934203D0CC5CC4544C
:101CC0000133F9E710BD0000013810B510F9013FEC
:101CD0003BB191F900409C4203D11AB10131013A64
:101CE000F4E71AB191F90020981A10BD1046FCE7EC
:101CF00003460246D01A12F9011B0029FAD1704797
:101D000002440346934202D003F8011BFAE77047EE
:101D10002DE9F8431F4D14460746884695F82420C0
:101D200052BBDFF870909CB395F824302BB9202279
:101D3000FF2148462F62FFF7E3FF95F82400414654
:101D4000C0F1080205EB8000A24228BF2246D6B2AD
:101D50009200FFF7AFFF95F82430A41B17441E44F0
:101D60009044E4B2F6B2082E85F82460DBD1FFF788
:101D70003BFF0028D7D108E02B6A03EB82038342A4
:101D8000CFD0FFF731FF0028CBD10020BDE8F8838A
:101D90000120FBE7A4330020024B1A78024B1A7093
:101DA000704700BFE433002010220020F8B5194C22
:101DB000194803F07DFF2146174803F0A5FF24686A
:101DC0004FF47A70154ED4F89020154DD2F804389F
:101DD000114F43F00203C2F80438FFF75BFF2046BF
:101DE000104904F09FF8D4F890200424D2F8043865
:101DF00023F00203C2F804384FF4E133336055F89E
:101E0000040BB84202D0314603F0B0FE013CF6D1DB
:101E1000F8BD00BFD899000818490020CC33002035
:101E200014220020E09900080C4B70B50C4D0446BC
:101E30001E780C4B55F826209A420DD00A4B0021F3
:101E400018221846FFF75CFF0460014655F826008B
:101E5000BDE8704003F08ABE70BD00BFE4330020CF
:101E60001422002018490020CC3300202DE9F0472F
:101E700071B6464B01201D68454BB3F80080002326
:101E80001A46194602F0CAFD0446802005F00CFAF5
:101E90000746002862D0002C60D03E4EADB24FF015
:101EA000800A7369284643F0C0637361D6F8143121
:101EB00043F0C063C6F8143105F078F805EB08026A
:101EC00000FB05F34FF4D06C50434FF03D0E9842A9
:101ED00033D93269520144D4D6F81021510140D48B
:101EE000216803F100628A602268D7602268C2F824
:101EF00004A02268C2F800C0D4F80090D9F80020ED
:101F000042F00102C9F80020D4F80090D9F800206E
:101F100022F01E02C9F80020D4F80090D9F8002061
:101F2000D207FBD494F80C90803361680EFA09F262
:101F30000A60CCE7002005F017F9204602F0A4FD66
:101F4000384605F0EDF9134B5A6942F0C0625A6108
:101F5000D3F8142142F0C062C3F8142161B6BDE881
:101F6000F0870D4B9A6A42F400729A629A6A42F4C0
:101F700000429A6261B60026012005F0F5F8B045EE
:101F8000D8D9A819013605F029F8F8E7A0330020C0
:101F9000E63300200020005200ED00E030B50A4496
:101FA000084D91420DD011F8013B5840082340F3F1
:101FB0000004013B2C4013F0FF0384EA5000F6D1EB
:101FC000EFE730BD2083B8ED0121884238BF0846D5
:101FD00005F0A2B908B105F0A3B9704710B5084CD7
:101FE00001220849002001F0C1FE23783BB10648D8
:101FF00003F034FD044803F067FD0023237010BD97
:10200000E8330020EC910008C83600202DE9F041AB
:10201000234C244E236DBBB901224FF4004104F13F
:10202000500005F00BFB236D1B686BB901224FF4C8
:10203000805104F1500005F001FB236D1B681BB9B2
:1020400000203070BDE8F08133780BB1FFF7C6FF98
:102050000324154F4FF00008114D13492846C7F8C7
:10206000048003F023FD284603F05CFB38B1013CFB
:10207000284603F029FD14F0FF04E1D0EDE70B49F9
:1020800001220B4801F072FE014618B1284603F008
:10209000E5FCECE7074800F00FF80120D1E700BFAE
:1020A000C8360020E83300203C220020EC910008D4
:1020B000EC330020F09100080FB4002004B070470A
:1020C0000068704703460068596870470B0A017042
:1020D00043700B0C090E8370C1707047110A0270B7
:1020E00003714170110C120E8170C2701A0A427194
:1020F0001A0C1B0E8271C37170470000C36A02394B
:10210000023B8B4283BF4389006C01FB030000202C
:1021100070470000C2F307238A76CB760378032B3F
:1021200001BF120C0A75120A4A75704700F10B01C3
:102130000022D30143EA520310F8012B52FA83F331
:102140008842DAB2F5D110467047000010B54178E8
:1021500004460020013102464901022A16BFA35C51
:10216000032203EBC03302F101021EBF9BB203EB5B
:10217000500398B29142F0D810BD000002684AB1F5
:10218000134613F8011B1F290DD93A29F9D1911CC7
:102190008B4202D04FF0FF3070471278302AF9D1CD
:1021A000036000207047014B1878704738360020D4
:1021B00038B50D46044618B9092000232B6038BDF8
:1021C0000368002BF8D01A78002AF5D08188DA88C5
:1021D0009142F1D1587804F00FFC10F00100EBD1DE
:1021E0002368EBE738B50D4640F25231144602F051
:1021F000B9F9FF2807D9012C0BD9030A022468700A
:102200002B70204638BD30B1002CFAD00124287044
:10221000F7E70024F5E70446F3E700002DE9F8436B
:102220000026D0F8008005460C468E76836B002B86
:102230004AD098F80030042B4BD13346354640271E
:1022400020E0B7F5187F80F0C480F90606F101069A
:1022500008BF0237D05B02372BB900F5205292B28B
:10226000B2F5006F0DD305F11A01C5F1FF0240EA86
:1022700003402144FFF7B6FF002800F0AA80054480
:1022800000200346D8F8102092F82310B142D8D885
:10229000002B40F09E80002D00F09B800023254401
:1022A000AB766373D8F81020137903F03701DB069F
:1022B00021730BD402F13800FFF704FFC4E90001D9
:1022C00093896381D3892381BDE8F8830020014687
:1022D000F4E7C36C01335ED1EA6B00232E26551E52
:1022E000184615F8011F013020290CD0052908BF18
:1022F000E521092804D10B2B9EBFE71801337E731B
:10230000E718013379730B28EBD1E11800204873EB
:10231000A17E00294BD1002B40D06FF00C0604F1B8
:102320000D000825361B331810F8011B002938D082
:102330002E298BB24AD0A3F14101192903D8117B70
:102340000D4200D020330373EDE7B9F1000F05D142
:1023500000F520539BB2B3F5006F0BD307F11A01C0
:10236000C7F1FF0240EA09402144FFF73BFF48B1B3
:102370000744002002368146D8F80C30985B0028CC
:10238000E3D13846B9F1000F4FF0000218BF00202A
:1023900023189A76A0E7B1463746EDE73F23A376A8
:1023A0000123234400219976137B03B96373D37A05
:1023B00002F11C0003F03F0323730023FFF780FEAC
:1023C00020606360D38A6381138B7CE710250B4602
:1023D000B9E73F230125A37660E7000038B505463D
:1023E000002435F8020B08B9204638BD02F0EEF89B
:1023F0006308C2B203EBC43312FA83F39AB2C0F398
:10240000072303EB520303EBC2339CB2E9E700005E
:1024100037B5C37804461BB90025284603B030BD44
:1024200000F14C01826C01234078019104F00AFB19
:10243000054680B9A36BE070A06C226BC31A93426F
:10244000EAD2A3780199022BE6D1024401236078F5
:1024500004F0F8FAE1E70125DFE7000038B5836C06
:1024600005460C468B4210D0FFF7D2FF60B92246DA
:10247000012305F14C01687804F0C0FA00281CBF64
:102480004FF0FF340120AC6438BD0020FCE70000B1
:1024900038B500230446C3704FF0FF338364FFF761
:1024A000DDFF00284BD1B4F84A524AF655239D422D
:1024B00007D10B22254904F14C0006F0C9FD002884
:1024C0003FD094F84C30EB2B03D01833DBB2012B08
:1024D0002ED84AF655239D4206D108221C4904F104
:1024E0009E0006F0B5FD48B3B4F85730B3F5007F51
:1024F0001ED194F85930DBB15A1E1A4218D1B4F8E3
:102500005A30ABB194F85C30013B012B10D8B4F8D1
:102510005D306BB1B4F85F307F2B06D804F16C00EE
:10252000FFF7CEFDB0F5803F02D3B4F8623053B967
:102530004AF6552085420CBF0220032038BD0420F6
:10254000FCE70120FAE70020F8E700BF1C92000832
:102550002892000802392DE9F04701F007044FF0F6
:10256000010A466C05460AFA04F41746984606EB3B
:102570001136C1F3C809E4B2314628460136FFF7E7
:102580006DFF18B10120BDE8F087994605EB0902FF
:1025900092F84C30234214BF01210021414513D051
:1025A0006340013F82F84C3085F803A0EBD0640013
:1025B00014F0FF04EAD109F1010301244FF00009EE
:1025C000B3F5007FE1D1D7E70220DCE7012902461D
:1025D000F8B50C4640F28C800668F36A8B4240F2F4
:1025E00087803378013B032B00F28280DFE803F021
:1025F0000229384B04EB5405B16B304601EB5521F1
:10260000FFF72CFF10B14FF0FF30F8BD6F1CC5F382
:102610000805B16B3046354401EB572195F84C5015
:10262000FFF71CFF0028EED1C7F30807E3073E447D
:1026300096F84C0045EA00204CBF0009C0F30B009F
:10264000E3E7B16B304601EB1421FFF707FF0028E9
:10265000D9D1640004F4FF742644B6F84C00D4E7E2
:10266000B16B304601EBD411FFF7F8FE0028CAD158
:10267000A40006F14C0004F4FE742044FFF720FD92
:1026800020F07040C1E7D0E90430D57953EA000169
:1026900001D0916801B95DBB9168022DA4EB0101E5
:1026A0000DD1013B728940F1FF305B0A43EAC05310
:1026B000B3FBF2F399421BD81CD0601CA5E7032D95
:1026C00002D193698B42F8D8D3699BB9B16B30467C
:1026D00001EBD411FFF7C2FE002894D1A0004C36C4
:1026E00000F4FE703044FFF7EBFC20F000408CE774
:1026F00001208AE76FF0004087E70000F8B5066820
:1027000004460D463378042B0CBF4FF080524FF433
:1027100000128A4201D80220F8BDCA06FBD18268A5
:102720000163D2B9022B13D83389B3EB551FF2D909
:10273000F36BA363A36B6263002BECD003EB552315
:102740004C36C5F308050020A3633544E563E3E791
:10275000F36BC271002BE7D01A4677897F02BD4226
:10276000114604D23046FFF7C9FCA063E2E72046D9
:10277000FFF72CFF431C024606D00128CBD9F36A91
:102780008342C8D9ED1BEAE70120C5E701292DE9FD
:10279000F04706460C46174608D9C36A8B4205D94E
:1027A0000378022B62D003D8012B22D0022552E0FD
:1027B000033B012BFAD8816B01EBD411FFF74EFEDE
:1027C0000546002847D1A40006F14C0304F4FE742A
:1027D0001C443378042B07D0204627F07047FFF7BE
:1027E0006FFC00F07040074339462046FFF76EFC4F
:1027F0002FE001EB5108816B01EB5821FFF72EFE12
:10280000054640BB14F0010406F14C0908F1010A29
:10281000C8F3080808BFFBB230461FBF19F80830DC
:1028200003F00F023B0103F0F00318BF134309F854
:1028300008300123B16BF37001EB5A21FFF70EFE54
:10284000054640B9CAF3080A44B1C7F3071709F8A7
:102850000A700123F3702846BDE8F08719F80A30A2
:10286000C7F3032723F00F031F43F0E7816B01EB4E
:102870001421FFF7F3FD05460028ECD1640006F1B2
:102880004C0304F4FF741F551919C7F307274F7041
:10289000DFE70000F8B504460E461746E3690BB9BA
:1028A0001846F8BD012BA6EB0305206814BFAA1C2F
:1028B0003A46691CFFF76AFF0028F2D1E369013B41
:1028C000E361EBE701292DE9F84306460C4617467C
:1028D000056802D80220BDE8F883EB6A8B42F9D97B
:1028E0007AB9A14621463046A046FFF76FFE04465E
:1028F000B0B92B78042B02D1002F43D1F7710020FF
:10290000E9E72B78042B02D1C379022BE9D04FF0F1
:10291000FF3239462846FFF739FF0028E1D0DAE7D1
:102920000128D7D0421C01D10120D4E72B78042BF9
:1029300019D1EA6AAB69023A93421CD308F1010249
:10294000A2420CD02B78042B08D10023A2EB090261
:1029500049462846FFF7FEFD0028BCD1A146EB6A98
:10296000A342BFD8C5E7002241462846FFF70EFF25
:102970000028DED0AFE70133AB612B7943F00103D0
:102980002B71DBE7F3798BB9B468BC4202D1022327
:10299000F371B4E721463046FFF718FE012899D9B4
:1029A000431CC1D001348442EFD0A8E7032BA6D149
:1029B000B368BB42A3D8B2691344BB429FD3E6E7D6
:1029C00070B5C3790446032B06D181688369CD189D
:1029D000A94203D10023E371002070BD4E1C206882
:1029E0003246FFF7D3FE0028F7D13146F0E700006A
:1029F0002DE9F74305460191FFF70AFD044600283B
:102A000049D105F14C09019928464FF40072FFF7AE
:102A100075FB2146A86407464846FFF771F96C89A3
:102A20006402B4F5004F28BF4FF40044B4F5007FB2
:102A30002FD9204604F078FC804630B12246002190
:102A4000640A0026FFF75CF909E06408EEE7234614
:102A5000BA194146687803F0F5FF18B926446B8926
:102A60009E42F4D3404604F06FFC6889801B18BF77
:102A7000012003B0BDE8F08301366B899E42F4D299
:102A80000123BA194946687803F0DCFF0028F3D027
:102A9000EBE70026F1E70120EBE70000F8B504467C
:102AA000FFF7B6FC0546002842D12378032B37D127
:102AB0002779012F34D104F14C0601464FF40072FE
:102AC0003046FFF71DF955234122722184F84A321E
:102AD000AA2304F50D7084F84F2084F84B3252235A
:102AE00084F8301284F84C3084F84D30612384F837
:102AF000311284F84E3084F83332A16984F83222DE
:102B0000FFF7E4FA616904F50E70FFF7DFFA626B14
:102B10003B46314601326078A26403F093FF257191
:102B200000226078114603F0B1FF003818BF012081
:102B3000F8BD000000232DE9F0430B6085B00F467F
:102B40001546FFF71BFB061EC0F2B281804B53F8FF
:102B50002640002C00F0AE813C6005F0FE05237895
:102B60006BB1607803F048FFC70708D41DB110F0BF
:102B7000040500D00A25284605B0BDE8F0830023EF
:102B8000F0B22370607003F023FFC10700F194815D
:102B90000DB14207EED400212046FFF779FC022850
:102BA00040F099806E4604F2122304F2522132461C
:102BB00018461033FFF784FA42F8040B8B42F7D122
:102BC000002556F8041B00297DD02046FFF760FC45
:102BD000012879D80128A26C40F0C08004F1570385
:102BE00004F18C0113F8015B002D7BD18B42F9D1EC
:102BF000B4F8B430B3F5807F74D194F8B830092BB1
:102C000070D104F19400FFF75DFA4FF0FF3317180D
:102C100041F10001BB4275EB010363D304F1A00055
:102C2000FFF74EFA94F8BA302063012BA37059D104
:102C300094F8B99003FA09F91FFA89F36381002B1C
:102C400050D0444B04F1A800FFF73AFA06469842E8
:102C500048D8831C626304F1A400E362FFF730FAF2
:102C600000EB020804F19C00C4F84080FFF728FA4A
:102C700010441FFA89F2A06306FB02F313EB08036A
:102C800045EB05029F4271EB02032BD32E4604F164
:102C9000AC00FFF715FAE06365B96389B34221D947
:102CA000E16B2046FFF72AFA81192046FFF7D6FB91
:102CB00098B90136631993F84C30812B14D0203524
:102CC000C5F30805E8E703200135042D7FF479AF4B
:102CD000042807D101E0042801D101254BE7012890
:102CE0007FF678AF0D2546E705F1140004F14C0698
:102CF0003044FFF7E5F901280546F3D9E36A83423A
:102D0000F0D96189821E236C02FB01336364A16BDD
:102D1000204601EBD511FFF7A1FB0028DDD105F01E
:102D20007F0006EB8000FFF7CBF9431C03D0013591
:102D3000A842ECD0D6E70425C4E90500064A257070
:102D400000251388E56101339BB21380E38012E70D
:102D50003C360020FDFFFF7F40360020B4F857309E
:102D6000B3F5007FBED1B4F8626026B904F17000FB
:102D7000FFF7A6F9064694F85C302663591EA37047
:102D80000129AFD894F859506581002DAAD0691E49
:102D90002942A7D1B4F85D8018F00F0FA4F808807D
:102DA000A0D1B4F85F0018B904F16C00FFF788F9FE
:102DB000B4F85A10002995D006FB03FE01EB181C4D
:102DC000F44460458ED3A0EB0C00A842B0FBF5F3B1
:102DD00088D33E48834285D84FF6F57083426DD93B
:102DE00003259F1C114402EB0C03032DE762626371
:102DF000A16323644CD1B4F8763053EA08037FF41E
:102E000071AFBB0004F17800FFF75AF9E06303F2F9
:102E1000FF13B6EB532FFFF465AF4FF0FF33032DD5
:102E2000C4E905334FF08003237187D1B4F87C30B7
:102E3000012B83D1511C2046FFF710FB00287FF4A3
:102E40007DAFB4F84A224AF6552320719A427FF4A6
:102E500075AF1F4B04F14C00FFF732F998427FF435
:102E60006DAF03F1FF5304F50C70FFF729F903F57B
:102E70000053203398427FF461AF04F50D70FFF7E3
:102E80001FF9A06104F50E70FFF71AF9606155E7AC
:102E9000B8F1000F3FF426AF7144022D4FEA47030B
:102EA000E1631EBFD91907F0010303EB5103AEE73D
:102EB0000B2560E60C255EE603255CE640F6F5751D
:102EC000AB428CBF022501258BE700BFF5FFFF0F4A
:102ED000525261412DE9F84F07460568884649B9C5
:102EE0006E69C6B1EB6AB34298BF0126AB69A3B95C
:102EF000002405E0FFF76AFB0128044603D80124FB
:102F00002046BDE8F88F421C00F0D280EB6A834275
:102F1000F6D84646EAE70126E8E72A78EB6A042A6B
:102F200040F08380A6F1020A023B4FF0010B9A4564
:102F300028BF4FF0000AD146696C284601EB1931D1
:102F4000FFF78CFA00283BD109F00703EA6AC9F3BE
:102F5000C8010BFA03F3901EDBB26A184C4609F164
:102F6000010992F84C20814502EA030233BF5B005D
:102F700000234FF40071DBB228BF9946B2B9023486
:102F8000631E0333BCD80123214628461A46FFF7A7
:102F9000E1FA0228B3D0012800F08A80B8F1000FCE
:102FA00013D10223FB710028A9D130E0CA450AD011
:102FB000002BD2D10131B1F5007FBDD20123CCE786
:102FC0004FF0FF34DCE70024DAE7FB79022B07D16E
:102FD000731CA342E7D0BB68F31ABB610323FB71E8
:102FE00008F10102FB69A24205D113B10133FB6173
:102FF000D9E70223FBE70BB90123FB6122464146D7
:103000003846FFF747FC00284FD10123FB61EA6AED
:10301000AB69023A6C6193429CBF03F1FF33AB6131
:103020002B7943F001032B716AE7464514D1741CD8
:103030003846A34298BF02242146FFF7C7FA012869
:103040003FF45DAF431C33D0E0B16B69012B03D972
:10305000EA6A934238BF1E4634460134EB6AA34203
:1030600003D8012E7FF644AF022421463846FFF7ED
:10307000ADFA48B101283FF442AF013018D0B44254
:10308000EBD135E7002CE7D04FF0FF322146284640
:10309000FFF77CFB48B9B8F1000FB8D02246414693
:1030A0002846FFF773FB0028B1D001287FF427AF33
:1030B0004FF0FF3424E700002DE9F843066804468A
:1030C000076B894633782037042B0CBF4FF08053B1
:1030D0004FF40013BB429CBF00238363836B73B127
:1030E000C7F30808B8F1000F3CD10133416B83638B
:1030F00039B93389B3EB571F34D80023A3630420B5
:103100000AE07389013B13EA57232BD1FFF75EFADC
:103110000128054602D80220BDE8F883421C01D1EF
:103120000120F9E7F36A834216D8B9F1000FE4D021
:10313000616B2046FFF7CEFE0546C8B10128EAD0F4
:10314000431CEDD001463046FFF752FC0028E7D182
:10315000E37943F00403E371294630466563FEF7E3
:10316000CDFFA0634C36002027634644E663D3E7D7
:103170000720D1E7F8B50E46002104460768FFF79F
:10318000BDFA98B90546A16B3846FFF767F968B9EB
:103190003A78E36B042A1B780CD11B060ED5054642
:1031A00001212046FFF788FF0028ECD0042808BF43
:1031B000072006E0E52B01D0002BF0D10135B54208
:1031C000EED1F8BDC16C4B1C2DE9F04104460568F9
:1031D000066B1FD1E5274FF00108A16B2846FFF7CA
:1031E0003DF998B92A78E36B042A09BF1A781F7051
:1031F00002F07F021A7085F80380236BB3420DD270
:1032000000212046FFF758FF0028E6D0042808BF19
:10321000022003E0FFF772FA0028DBD0BDE8F0815E
:103220002DE9F04105460068A96B0669FFF716F91C
:10323000044620B9EB6B1A78852A03D00224204675
:10324000BDE8F081324603F1200153F8040B8B42B4
:1032500042F8040BF9D1777801377F01A7F16003B9
:10326000B3F5007FEAD800212846FFF725FF0428A0
:103270000446E3D00028E2D1A96B2868FFF7EEF8F6
:1032800004460028DBD1EB6B1A78C02AD6D106F1B0
:10329000200203F1200153F8040B8B4242F8040B87
:1032A000F9D196F823300F222C33B3FBF2F3B7EBAE
:1032B000431FC3D34FF0400800212846FFF7FCFE10
:1032C00004280446BAD00028B9D1A96B2868FFF7B2
:1032D000C5F804460028B2D1EB6B1A78C12AADD1EB
:1032E000B8F5187F09D206EB080203F1200153F864
:1032F000040B8B4242F8040BF9D108F12008474532
:10330000DAD8B8F5187F9AD83046FEF71FFF7388D1
:10331000834294D092E700000B68002210B503604E
:1033200004460B6A83604B6AC261C37123F0FF03DA
:10333000896AC0E90432C164FFF7E0F920B9204688
:10334000BDE81040FFF76CBF10BD0000F8B5036882
:10335000054601271C692046FEF7F8FEA070000A0A
:103360006678E0702846E96CFFF7C8F920B10228BA
:1033700028BF0220C0B2F8BDA96B2868FFF76EF81D
:103380000028F4D1EB6B04F1200254F8041B9442A2
:1033900043F8041BF9D12B68DF70002EE7D0002121
:1033A0002846013EFFF788FEE0E700002DE9F843DC
:1033B0004FF0FF0806460768042445464FF6FF799C
:1033C000B16B11B9002C73D063E03846FFF746F8B3
:1033D000044600285DD1F06B0378002B6ED03A785C
:1033E000042A11D1852B4DD1336B3046F364FFF79E
:1033F00017FF044600284CD13B691B7903F03F03BB
:10340000B3712046BDE8F883C27AE52B02F03F0293
:10341000B27143D02E2B41D022F0200108293DD09B
:103420000F2A40D1590637D503F0BF05336B90F80A
:103430000D80F364437B434530D1428B72BB0378EC
:103440000D21FC6823F04003DFF874E0013B4B439F
:1034500001211EF801CB30F80CC009B3FF2B1DD899
:1034600024F813C06146013301320D2AF1D10278EC
:10347000520605D521B1FF2B10D8002224F81320C5
:10348000013DEDB200213046FFF716FE044600284C
:1034900096D00023B363B4E7AB42CBD0FF25F1E76E
:1034A000CC45E1D0FAE72DB9FEF740FE404501D109
:1034B0000024A6E74FF0FF33F364A2E70424E8E713
:1034C000C49200082DE9F04F002187B00446D0F8DF
:1034D0000090FFF713F9804670B999F80030042B7B
:1034E00033D1D9F80C00FEF779FF07462046FFF7E5
:1034F0005DFF054620B18046404607B0BDE8F08F2D
:10350000D9F810309A8CBA42F0D193F823B0402603
:103510005D4506D1D9F80C3033F81530002BE5D1D4
:10352000EAE7F106D9F8103008BF0236985B01F0DF
:103530004DF8D9F80C30824633F8150001F046F802
:103540008245D3D102360135E2E74FF0FF0A4FF052
:10355000FF3B5546C4F84CB0A16B4846FEF77EFFD2
:1035600000285CD1E66B3778002F77D0F27AE52F10
:1035700002F03F03A37103D0120704D50F2B04D030
:10358000C4F84CB04FE00F2B54D194F84B30580690
:103590003FD4790645D5236B07F0BF0796F80DA0F9
:1035A000E364737B53453ED1738B002B3BD135785D
:1035B0000121D9F80C3005F03F0501930D23013DA1
:1035C0005D43284B13F8012BB25A71B3FF2D0593BD
:1035D00029D81046049200F0F9FF6B1C0390029367
:1035E000019B33F8150000F0F1FF039981421AD1D5
:1035F000049A029D1146059B1B4A9342E2D13378FF
:103600005A0604D519B1019B33F815305BB97D1EFC
:10361000EDB200212046FFF74FFD00289CD08046E8
:103620006AE7BD42BDD0FF25F3E74FF6FF70824247
:10363000E2D0F8E72DB93046FEF778FD50453FF46B
:103640005BAF94F84B30DB079AD40B2204F14001B6
:10365000304605F0FDFC002892D14DE74FF00408FC
:103660004AE700BFC4920008D19200082DE9F04F4C
:1036700090F84BB099B004461BF0A00540F068816B
:103680000668F26832F81530002B4AD13378042BE3
:1036900040F087800F230E352046B5FBF3F5A91CBB
:1036A000FFF768FD8146002877D1236B0135A3EB36
:1036B0004515E3795A07E56435D523F00403204620
:1036C000E371FFF77DF950BB4FF0FF32616B20468D
:1036D000FFF7E0F818BBA3682BB3214604A8FFF757
:1036E0001BFEE0B970894FF40071D4E90423E0FBBC
:1036F00001233069C4E904233830FEF7EFFC306958
:10370000D4E904232830FEF7E9FCE379326904A800
:1037100043F0010382F82130FFF718FE18B181460B
:103720003BE00135AEE7D6E90354402200212046B4
:10373000FEF7E6FA8523012140222370C0234FF0D3
:10374000C10C04EB010884F8203000231E469E467D
:10375000571C04F802C0F0B2023204F807E021B1AD
:1037600035F8131009B10133DBB20F0AA15408F880
:1037700002700232D706F2D135F813700136002FED
:10378000E6D184F82330831C28466370FEF726FEBA
:1037900084F82400000A84F82500484619B0BDE8E2
:1037A000F08F04F140070DF1100A1BF0010F97E8AC
:1037B00007008AE8070000F0D38040234FF001089B
:1037C00084F84B30BC46F368B8F1050F9AE807005F
:1037D000ACE803002CF8022B4FEA12428CF80020D0
:1037E00059D9981E424630F8021F002942D10DF1E6
:1037F0000F0C072102F00F0E914612090EF1300056
:10380000392888BF0EF1370001390CF8010902D0C0
:10381000B9F10F0FEED818AB7E205A1802F8580CE9
:1038200038460022914206D010F801CB02F1010E79
:10383000BCF1200F31D104F13F0C072902F1010244
:1038400097BF18AB20205818013198BF10F8580CBA
:10385000072A0CF80200F0D92046FFF733FE814614
:10386000002878D108F10108B8F1640FAAD14FF00F
:10387000070992E74FF0100C01F0010E49080EEB1A
:103880004202D30344BF82F4883282F02102BCF1A9
:10389000010CF1D1A7E74246A9E77246C2E7216BC6
:1038A0002046A1EB4511FEF729FF814600287FF451
:1038B00074AF4FF6FF783846FEF738FC0190A16BE5
:1038C0003046FEF7CBFD814600287FF466AFE36B00
:1038D000E9B2019A4FF00D0CD6F80CE05A734FF094
:1038E0000F02DFF8E0A0DA724A1E18730CFB02F236
:1038F00084469876D87640451AF8019B0CF1010C65
:1039000018BF3EF8120003EB090B18BF013203F891
:1039100009004FEA1029002808BF4046BCF10D0FEE
:103920008BF80190E7D1404502D03EF812200AB949
:1039300041F040011970012300212046F370FFF788
:10394000BBFB814600287FF428AF013DB7D11BE0C7
:103950004FF0060921E704287FF41FAF84F84BB02D
:103960001BF0020F20461BBF0C350D210125B5FBB6
:10397000F1F518BF01352946FFF7FCFB8146002809
:103980007FF40BAF013D8AD1A16B3046FEF766FD97
:10399000814600287FF401AF01462022E06BFEF74C
:1039A000AFF9E36B03CF18605960BA7839889A721F
:1039B000198194F84B30E26B03F018031373012361
:1039C000F370EAE6C492000810B504460A463430A3
:1039D000FEF776FB886004F13800FEF773FBC2E95E
:1039E000040194F8213003F00203D3710023D36162
:1039F00010BD000003284B8B04BF8A8A43EA0243B0
:103A0000184670472DE9F04F0B7899B00446894667
:103A10002F2BD0F800B001D05C2B09D14A46137887
:103A2000914601322F2BFAD05C2BF8D0002301E015
:103A3000DBF81C30A3600023E3619BF80030042B0B
:103A40001ED1A368E3B1DBF82030214604A823622D
:103A5000DBF824306362DBF82830A362FFF75CFCFC
:103A60000346002854D1DBF8102002F13800FEF79D
:103A700027FBC4E9040392F8213003F00203E37149
:103A800099F800301F2B00F2358180230021204659
:103A900084F84B3019B0BDE8F04FFEF72FBE494611
:103AA0000B78894601312F2BFAD05C2BF8D01F2BD5
:103AB0008CBF00250425012F2FD113882E2B31D147
:103AC000002322F8173004F140029F428CBF2E21C0
:103AD000202101330B2B02F8011BF6D145F0200504
:103AE000204684F84B50FFF7EDFC94F84B3000284B
:103AF00000F0E78004280BD1990603F0040240F19E
:103B0000DC80002A00F0F6808023002084F84B300F
:103B100019B0BDE8F08F0425CDE7022F02D15388FC
:103B20002E2BCAD0911E87BB002322F81730002FFE
:103B300000F0118132F81300194601332028F9D022
:103B400009B92E2801D145F00305901E30F8173031
:103B50002E2B01D0013FF9D14FF020334FF0000A56
:103B60006364D0462364C4F847300823481C32F805
:103B700011600090F6B1202E03D02E2E0DD1B84248
:103B800010D045F003050099F0E731F81730202BED
:103B900001D02E2BC8D1013FC5E79A4505D2009927
:103BA000B9423BD10B2B30D101E00B2B27D145F093
:103BB00003050B2394F84020E52A04BF052284F86E
:103BC0004020082B04BF4FEA88085FFA88F808F005
:103BD0000C030C2B03D008F00303032B01D145F099
:103BE0000205A8073FF57CAF18F0010F18BF45F09C
:103BF000100518F0040F18BF45F0080570E700998C
:103C0000B94202D045F00305D4D84FEA88080B2307
:103C10004FF0080A00975FFA88F8B4E77F2E15D9AD
:103C2000304640F25231CDE9022345F002030193C0
:103C300000F098FC10F0800F0646DDE9022316D054
:103C400000F07F0646498E5D019D46B331464548EA
:103C5000CDE9012305F026FADDE90123F8B9A6F143
:103C6000410189B219291ED848F0020810E0FF2846
:103C7000EAD9591E8A4503D345F003059A4682E7DF
:103C800004EB0A01000A0AF1010A019D81F84000D3
:103C900004EB0A010AF1010A81F8406073E745F07C
:103CA00003055F26F4E7A6F1610189B219299EBFD9
:103CB000203E48F00108B6B2EAE7002A08BF052016
:103CC00026E75A073FF524AFA379DB0645D59BF8D5
:103CD0000000042835D1A3682146E27923622369D4
:103CE000DBF8100023F0FF0313436362E36CA3626D
:103CF000FFF76AFE23680027DA6819F8010B00282D
:103D00003FF409AF40F25231009200F04BFC0546FF
:103D100008B31F28009A7FF6FEAE2F283FF4BFAEEF
:103D20005C283FF4BCAE7F2805D801460E4805F05C
:103D3000B9F9009A78B9FF2F0DD022F81750013742
:103D4000DBE7216B0BF14C03C1F308011944FFF7CA
:103D500051FEA060CEE70620DAE60520D8E600BFD7
:103D6000449200083D920008349200081FB5CDE946
:103D7000001003A814460391FEF700FA002815DB93
:103D80000B4A52F820300BB100211970019B0BB186
:103D90000021197042F820302CB1002201A9684698
:103DA000FEF7C8FE0446204604B010BD0B24FAE717
:103DB0003C3600202DE9F04798B090460546019129
:103DC000002800F0528102F03F0603A901A8324604
:103DD000FEF7B0FE002840F04681039B4FF48C6054
:103DE000049303F0A1FA0746002800F04081039BEA
:103DF00000F500720199D86004A81A61FFF702FE6D
:103E0000044620B99DF95B30002BB8BF062418F09A
:103E10001C0F00F0CD80002C4CD0042C40D104A805
:103E2000FFF724FC044600283AD146F00806039B1D
:103E30001A78042A40F08380186929462B60FFF71E
:103E4000C3FD039B1E22002118690230FDF758FFB5
:103E5000039C00211A2220692630FDF751FF2369B7
:103E600020221A71246903F099FA014601220834CC
:103E70002046FEF72BF9039B04A81B6983F8212039
:103E8000FFF764FA044658B9A96801B30246284608
:103E9000FEF718FDAB68039A0446013B5361B4B1C9
:103EA000384603F051FA0CB100232B60204618B0BD
:103EB000BDE8F0879DF8163013F0110F40F08480B4
:103EC00018F0040F40F0C98018F0080FAFD1039A22
:103ED00031071399936C48BF46F04006E964AB6420
:103EE0001078042872D1069B9DF817102B62089B4E
:103EF000106923F0FF030B4329466B62179BAB62EB
:103F0000FFF762FDDDF80CA00024002205F1500847
:103F1000BAF8063021464046C5F800A0AB80002321
:103F200085F8306085F831406C64C5E90E234FF4A4
:103F30000072FDF7E5FEB20653D40024B0E703F0AB
:103F40002DFA0146009013980E30FEF7BFF8139833
:103F500000991630FEF7BAF8039C13992078FFF702
:103F600049FD202300228046CB7220461399FEF79C
:103F7000D1F8139B002201211A775A779A77DA77C2
:103F8000039BD970B8F1000FA1D0414604A8D3F823
:103F90004890FEF797FC0446002881D149460398D3
:103FA000FEF75CFA039B044608F1FF30586176E7A0
:103FB000002C7FF475AF9DF81630DC064FD418F056
:103FC000020F84D0D80782D5072469E7FFF712FDD6
:103FD0000023A86001F11C00FEF772F86B612861F4
:103FE00090E7D5E9046956EA0903A6D0BAF80AA011
:103FF000A9684FEA4A2AC5E90E69B24574EB09037C
:104000001BD300242964002C7FF44AAFC6F30803B5
:10401000002B92D0039C2046FEF770F808B3760A76
:104020000123414646EAC95682196A64607802F063
:10403000E5FC041E18BF012432E72846FEF7C6FA45
:10404000B6EB0A06014669F10009012803D9431CB1
:10405000D3D10124D6E70224D4E7082420E704249E
:104060001EE702241CE704461EE709241EE711246C
:104070001CE700002DE9F04F994685B000238846E3
:1040800003A90446C9F800301646FEF791F8054624
:1040900080BB94F831506DBB94F8303013F00103BD
:1040A000009300F0A68004F1500AD4E90432D4E968
:1040B0000E011B1A62EB0102B34272F1000238BF1B
:1040C0001E46BEB1D4E90E10C1F30803002B40F028
:1040D0008280039B5A894B0A013A43EAC0531A4033
:1040E0001BD151EA000309D1A06801280DD802258F
:1040F00084F83150284605B0BDE8F08F216C204689
:104100000192FEF763FA019AEFE7431C04D1012301
:10411000009D84F83130EDE72064DDF80CB0216CAF
:104120005846FDF7EBFF0028E1D0B6F5007F02EB23
:10413000000731D3BBF80A1002EB5620730A8842FD
:104140009BF8010088BF8B1A3A464146019302F062
:1041500055FC0028DBD194F93020019B002A0BDAB2
:10416000606CC01B984207D24FF40072514608EBB6
:104170004020FDF79FFD019B5F02D9F80030F61B40
:10418000B8443B44C9F80030D4E90E32DB1942F19F
:104190000002C4E90E3294E7626CBA421AD094F974
:1041A0003030002B0DDA012351469BF8010002F05C
:1041B00049FC0028ABD194F8303003F07F0384F839
:1041C0003030039801233A465146407802F016FCFD
:1041D00000289CD16764A16B4046C1F30801C1F57A
:1041E00000775144B74228BF37463A46FDF762FD93
:1041F000C3E707257EE7000070B596B00E460022A3
:10420000019002A901A8FEF795FC0446E0B94FF41D
:104210008C6003F089F80546D8B1029B00F5007266
:104220000199D86002A81A61FFF7ECFB044640B977
:104230009DF95330002B0ADB1EB1314602A8FDF771
:10424000EDFF284603F080F8204616B070BD062426
:10425000F7E71124F8E7000070B5B8B0022201902A
:1042600003A901A8FEF766FC044608BB039B4FF4B4
:104270008C60109303F058F80546002866D0039B25
:1042800000F500720199D86010A81A61FFF7BAFB17
:10429000044650B99DF88B30980655D4190653D46E
:1042A0009DF84630DA0706D50724284603F04CF877
:1042B000204638B070BD039B04931878042814D1AD
:1042C00004A91869FFF780FB069E9DF84630DB06BF
:1042D00010D410A8FEF776FF04460028E5D156BB9F
:1042E0000398FEF7DBFB0446DFE71F99FFF782FB2D
:1042F0000646EAE7039BDA69B242D5D0249300214F
:10430000269624A81B78042B01BFDDE90823CDE9FC
:1043100028239DF817308DF89730FEF7EFF9044603
:104320000028C2D124A8FFF741F804460028BBD0DA
:104330000428BAD1CDE70246314604A8FEF7C2FAF6
:1043400004460028B1D1CBE70624AEE71124AFE73D
:10435000F0B5BDB0CDE900106846FDF70FFF0222B1
:1043600003A901A8FEF7E6FB0446002841D1039B00
:104370004FF48C60149302F0D7FF0546002800F03C
:10438000EE80039B00F5007214AE0199D8601A61AB
:104390003046FFF737FB044640BB9DF89B3013F0D7
:1043A000A00F40F0D880039B009F1A78042A68D1A0
:1043B0001B6904AC03F1400C1868083353F8041C63
:1043C0002246634503C21446F6D15022314628A83E
:1043D000FDF770FC394628A8FFF714FB04460028B7
:1043E0004CD12A9A169B9A4206D00824284602F0FD
:1043F000ABFF20463DB0F0BD349A209B9A42F4D1E9
:1044000028A8FFF733F904460028EFD1039B04AF37
:104410001B6993F801E093F823C09C8C3A4608335B
:1044200003CAB24243F8080C43F8041C1746F5D1FE
:10443000039B28A81B6983F801E0039B1A6982F893
:1044400023C01A6982F82440240A82F825401A6998
:104450001379D9065CBF43F020031371FEF776FF92
:1044600004460028C2D13046FEF7ACFE04460028C0
:10447000BCD10398FEF712FB0446B7E70428B5D178
:10448000BEE7239A04AB02F1200C1068083252F800
:10449000041C1C46624503C42346F6D15022314613
:1044A00028A8FDF707FC394628A8FFF7ABFA044611
:1044B00000284CD12A9A169B9A4296D1349A209B76
:1044C0009A4292D128A8FFF7D1F8044600288DD14E
:1044D00037990DF11D030DF12D0001F10D0253F877
:1044E000044B834242F8044BF9D11888012710800D
:1044F0009B7893709DF81B30039CDA0658BF43F0FD
:104500002003CB72E770CB7ADB06ACD5169A2A9BD8
:104510009A42A8D02078FFF76DFA01462046FDF7B1
:10452000EDFD0146C8B12046FDF798FF044600287E
:104530007FF45CAF039890F86D302E2B93D12A9ABC
:1045400000F16C01FDF7E6FD039BDF708BE70428AB
:104550007FF44CAFB6E7062448E7022446E711246F
:1045600047E700007F2810B501D880B210BDB0F534
:10457000803F13D240F2523399420FD108490022B2
:1045800031F8024B93B2844203D103F18000C0B2F0
:10459000ECE70132802AF3D11346F6E70020E5E785
:1045A000849500087F280DD940F25233994208D1F2
:1045B000FF2806D800F10040034B803833F8100084
:1045C00070470020704700BF84950008B0F5803F19
:1045D000F0B522D21F4A83B21F49B0F5805F28BFD1
:1045E0000A46141D34F8042C2146AAB1934213D371
:1045F00034F8025C2E0AEFB252FA85F5A84222DAAC
:10460000082E09D8DFE806F0050A10121416181A49
:104610001C00801A34F810301846F0BD981A00F0CB
:1046200001001B1A9BB2F7E7103BFBE7203BF9E7C1
:10463000303BF7E71A3BF5E70833F3E7503BF1E788
:10464000A3F5E353EEE70434002ECBD101EB470290
:10465000C7E700BFD4920008C894000808B5074B0C
:10466000074A196801F03D01996053680BB19068E1
:104670009847BDE8084003F0DFB800BF00000240E3
:104680004436002008B5084B1968890901F03D013E
:104690008A019A60054AD3680BB110699847BDE852
:1046A000084003F0C9B800BF0000024044360020B3
:1046B00008B5084B1968090C01F03D010A049A601D
:1046C000054A53690BB190699847BDE8084003F06B
:1046D000B3B800BF000002404436002008B5084BC4
:1046E0001968890D01F03D018A059A60054AD36970
:1046F0000BB1106A9847BDE8084003F09DB800BFB1
:10470000000002404436002008B5074B074A5968AC
:1047100001F03D01D960536A0BB1906A9847BDE83A
:10472000084003F089B800BF000002404436002072
:1047300008B5084B5968890901F03D018A01DA6022
:10474000054AD36A0BB1106B9847BDE8084003F0E7
:1047500073B800BF000002404436002008B5084B83
:104760005968090C01F03D010A04DA60054A536BEF
:104770000BB1906B9847BDE8084003F05DB800BFEF
:10478000000002404436002008B5084B5968890DE6
:1047900001F03D018A05DA60054AD36B0BB1106C5C
:1047A0009847BDE8084003F047B800BF000002404A
:1047B0004436002008B5074B074A196801F03D014F
:1047C0009960536C0BB1906C9847BDE8084003F0BA
:1047D00033B800BF000402404436002008B5084B3F
:1047E0001968890901F03D018A019A60054AD36C74
:1047F0000BB1106D9847BDE8084003F01DB800BF2D
:10480000000402404436002008B5084B1968090C22
:1048100001F03D010A049A60054A536D0BB1906D99
:104820009847BDE8084003F007B800BF0004024005
:104830004436002008B5084B1968890D01F03D0188
:104840008A059A60054AD36D0BB1106E9847BDE892
:10485000084002F0F1BF00BF0004024044360020CF
:1048600008B5074B074A596801F03D01D960536EFE
:104870000BB1906E9847BDE8084002F0DDBF00BF65
:10488000000402404436002008B5084B59688909E5
:1048900001F03D018A01DA60054AD36E0BB1106F59
:1048A0009847BDE8084002F0C7BF00BF00040240BF
:1048B0004436002008B5084B5968090C01F03D0149
:1048C0000A04DA60054A536F0BB1906F9847BDE850
:1048D000084002F0B1BF00BF00040240443600208F
:1048E00008B5084B5968890D01F03D018A05DA6069
:1048F000054AD36F13B1D2F880009847BDE808404D
:1049000002F09ABF000402404436002000230C4904
:1049100010B51A460B4C0B6054F82300026001EBF3
:10492000430004334260402BF6D1074A4FF0FF3377
:104930009360D360C2F80834C2F80C3410BD00BFD5
:104940004436002084960008000002400F28F8B585
:1049500010D9102810D0112811D0122808D10F24F6
:104960000720DFF8B4E00126DEF80050A04208D9A5
:10497000002649E00446F4E70F240020F1E707246D
:10498000FBE706FA00F73D4240D1214C4FEA001CFC
:104990003D4304EB00160EEBC000CEF80050C0E91A
:1049A0000123FBB24BB11B48836B43F001038363CC
:1049B000036E43F001030366036E17F47F4F09D0C3
:1049C0001448836B43F002038363036E43F00203D6
:1049D0000366036E54F80C00036823F01F030360A2
:1049E000056815F00105FBD104EB0C033D2493F899
:1049F0000CC05F6804FA0CF43C602124056044613B
:104A000012B1987B00F0C4FC3046F8BD0130ADE730
:104A100084960008004502584436002010B5302422
:104A200084F31188FFF792FF002383F3118810BDF0
:104A300010B50446807B00F0C1FC01231049627B65
:104A400003FA02F20B6823EA0203DAB20B604AB9F6
:104A50000C4A916B21F001019163116E21F001016B
:104A60001166126E13F47F4F09D1064B9A6B22F038
:104A700002029A631A6E22F002021A661B6E10BDC1
:104A8000443600200045025808B5302383F31188CE
:104A9000FFF7CEFF002383F3118808BD836CC26A41
:104AA0008B42506810B506D95A1E4C0002EB4103E8
:104AB000B3FBF4F3184410BD01F001038A0748BFAB
:104AC00043F002034A0748BF43F008030A0748BF00
:104AD00043F00403CA0648BF43F010038A06426B42
:104AE00048BF43F0200313434363704710B5074C9E
:104AF000204600F0CFFF064B0022C4E91023054BEF
:104B0000A364054BE363054BE36410BDC836002086
:104B10000024024800B4C4041C3700201C390020C3
:104B2000C36A0BB90E4BC3620379012B0CD10D4B39
:104B3000984209D10C4BDA6B42F40072DA635A6E78
:104B400042F400725A665B6E436C00221A65DA62A8
:104B50001A605A605A624FF0FF329A63704700BF82
:104B600084970008C8360020004502580379012BBD
:104B700025D0436C00221A65DA621A605A605A62C4
:104B80004FF0FF329A630E4B984218D10D4BD3F879
:104B9000842042F40072C3F88420D3F8842022F4E5
:104BA0000072C3F88420D3F88430074BDA6B22F408
:104BB0000072DA635A6E22F400725A665B6E7047B6
:104BC000C8360020004402580045025810B5446C15
:104BD0000649FFF763FF6060236842F2107043F0FC
:104BE00003032360BDE8104001F06ABD801A06008F
:104BF0000129F8B5466C0B4F09D175680A493D404B
:104C0000FFF74CFF054345F480557560F8BD7468A7
:104C100006493C40FFF742FF044344F4805474606B
:104C2000F4E700BF00ECFFFF80F0FA0240787D015E
:104C3000436C00225A601A6070470000426C0129E0
:104C4000536823F4404304D0022905D001B95360CE
:104C5000704743F48043FAE743F40043F7E700006A
:104C6000436C41F480519A60D9605A6B1206FCD5AE
:104C700080229A637047000010B541F48851446C5B
:104C8000A260E160616B11F04502FBD0A26311F0FC
:104C9000040203D0FFF710FF012010BD6169104628
:104CA0001960FAE710B541F48851446CA260E160E4
:104CB000616B11F04502FBD0A26311F0050203D035
:104CC000FFF7FAFE012010BD616910461960FAE78E
:104CD00073B5134604460E46302282F31188426CA7
:104CE000D26B32B14FF0FF314030019301F0F4FC50
:104CF000019B606C00220265C263C262456B15F4C1
:104D0000807504D185F31188012002B070BD4FF089
:104D1000FF31816382F31188012E06D90C212046D0
:104D200002B0BDE87040FFF7BDBF1046EDE70000E0
:104D300073B5446C0E4600250192616BA163256535
:104D4000E562FFF7B9FE012E07D9019B2A460C2127
:104D500002B0BDE87040FFF7A5BF02B070BD000013
:104D600010B541F49851446CA260E160616B11F0A0
:104D70004502FBD0A26311F03F0203D0FFF79CFE77
:104D8000012010BD216A10461960E1695960A169CE
:104D900099606169D960F4E72DE9F7430446019110
:104DA000006D01A91746984602F060FC06460028EF
:104DB0004AD0626C2046DDF804905568C5F30905B9
:104DC00001356B00A56CB5FBF3F54FF47A73B5FBB9
:104DD000F3F55D43556200F023FE50BB636C4FF06A
:104DE000FF3201254146C3F8589020461D659A635D
:104DF0004FF49572DA6342F207029F62DA62E36C63
:104E00000A9AFFF74FFFA0B9E26C104B11680B40F4
:104E10007BB929462046FFF75BFF054648B92E4679
:104E20003A460199206D02F059FC304603B0BDE8C6
:104E3000F083E26C20460121FFF77AFF3A460199A0
:104E4000206D02F04BFCF0E70126EEE708E0FFFDE5
:104E50002DE9F7431F46436C01924FF47A725D6867
:104E600004468846C5F3090501356E00856CB5FB1F
:104E7000F6F5B5FBF2F555435D6200F0D1FD20B1CA
:104E80000125284603B0BDE8F0837E0201A9206D0C
:104E9000324602F0EBFB05460028F1D0636C019A24
:104EA000D4F84C909A6501221A654FF0FF329A634C
:104EB0004FF49572DA639E62236BDB064B4658BF54
:104EC0004FEA4828012F42461BD912212046FFF7FE
:104ED000E9FEC0B9D9F80020104B13409BB9636CB0
:104EE00042F2930239462046DA62E26CFFF7F0FEA6
:104EF000804640B932460199206D454602F0EEFBEE
:104F0000BFE71121E2E7E26C39462046FFF710FFC8
:104F100032460199206D02F0E1FBB2E708E0FFFDA7
:104F20002DE9F3411F46436C01924FF47A725D689C
:104F300004468846C5F3090501356E00856CB5FB4E
:104F4000F6F5B5FBF2F555435D6200F069FD20B161
:104F50000125284602B0BDE8F0817E0201A9206D3E
:104F6000324602F0D3FB05460028F1D0636C019A6B
:104F70009A6501221A654FF0FF329A634FF48D72E1
:104F8000DA639E62236BE66CDB06334658BF4FEA5A
:104F90004828012F424619D919212046FFF782FEE1
:104FA000B0B932680F4B134093B9636C42F291026F
:104FB00039462046DA62E26CFFF78AFE064638B9C7
:104FC00001993546206D02F0DDFBC2E71821E4E7C8
:104FD00039462046E26CFFF7ABFE0199206D02F0E6
:104FE000D1FBB6E708E0FFFD12F0030F2DE9F04119
:104FF00007460C4615461E4617D00E44B44202D151
:105000000020BDE8F0810123FA6B21463846FFF706
:105010001FFF0028F5D128464FF40072F96B05F503
:1050200000750134FCF746FEE8E7BDE8F041FFF704
:105030000FBF000012F0030F2DE9F04107460C46A8
:1050400015461E4617D00E44B44202D10020BDE8DA
:10505000F08129464FF40072F86B05F50075FCF7F6
:1050600029FE0123FA6B21463846FFF759FF002835
:10507000EDD10134E8E7BDE8F041FFF751BF000092
:1050800000207047302310B583F311880024436C4F
:1050900040302146DC6301F02DFB84F3118810BD04
:1050A000026843681143016003B11847704700006C
:1050B000024A136843F0C003136070470048004081
:1050C000024A136843F0C003136070470050004069
:1050D000024A136843F0C003136070470078004031
:1050E000044B9A6C02439A641A6F104318671B6F43
:1050F000704700BF0045025837B5274C274D204662
:1051000000F028FD04F11400009400234FF4007215
:10511000234900F0C3F94FF40072224904F138002A
:105120000094214B00F03CFA204BC4E91735204C89
:10513000204600F00FFD04F11400009400234FF40A
:1051400000721C4900F0AAF94FF400721A4904F1E8
:1051500038000094194B00F023FA194BC4E91735B5
:10516000184C204600F0F6FC04F1140000234FF424
:1051700000721549009400F091F9144B4FF400723D
:10518000134904F13800009400F00AFA114BC4E905
:10519000173503B030BD00BF2039002000E1F50510
:1051A000643A002064400020B150000800480040EC
:1051B0008C390020643C002064420020C15000086B
:1051C00000500040F8390020643E0020D150000813
:1051D000644400200078004038B5264D0446037C26
:1051E000002918BF0D46012B06D1234B984230D120
:1051F0004FF48020FFF774FF2A68236EE16D03EB04
:105200005203A566B3FBF2F36A68100442BF23F0B1
:10521000070003F0070343EA4003CB60AB6843F0A9
:1052200040034B60EB6843F001038B6042F49673DC
:1052300043F001030B604FF0FF330B62510505D5BE
:1052400012F0102211D0B2F1805F10D084F86430D7
:1052500038BD0A4B984205D0094B9842CCD14FF04B
:105260008040C7E74FF48010C4E77F23EEE73F2379
:10527000ECE700BF8C970008203900208C39002013
:10528000F83900202DE9F047C66D05463768F46906
:10529000210734621AD014F0080118BF4FF480714E
:1052A000E20748BF41F02001A3074FF0300348BF99
:1052B00041F04001600748BF41F0800183F311884D
:1052C000281DFFF7EDFE002383F31188E2050AD5C0
:1052D000302383F311884FF48061281DFFF7E0FE2F
:1052E000002383F311884FF030094FF0000A14F0C7
:1052F000200838D13B0616D54FF0300905F1380AA1
:10530000200610D589F31188504600F07DF9002859
:1053100036DA0821281DFFF7C3FE27F0800333602B
:10532000002383F31188790614D5620612D5302341
:1053300083F31188D5E913239A4208D12B6C33B13A
:1053400027F040071021281DFFF7AAFE3760002331
:1053500083F31188E30618D5AA6E1369ABB15069BF
:10536000BDE8F047184789F31188736A284695F815
:105370006410194000F008FC8AF31188F469B6E75C
:10538000B06288F31188F469BAE7BDE8F0870000DD
:10539000090100F16043012203F56143C9B283F8BA
:1053A000001300F01F039A4043099B0003F1604380
:1053B00003F56143C3F880211A60704700F01F03B2
:1053C00001229A40430900F160409B0000F56140D2
:1053D00003F1604303F56143C3F88020C3F88021E3
:1053E000002380F800337047F8B5154682680446FC
:1053F0000B46AA4200D28568A1692669761AB54291
:105400000BD218462A46FCF755FCA3692B44A3612E
:105410002846A3685B1BA360F8BD0CD9AF1B1846D8
:105420003246FCF747FC3A46E1683044FCF742FC60
:10543000E3683B44EBE718462A46FCF73BFCE3688D
:10544000E5E7000083689342F7B50446154600D2AD
:105450008568D4E90460361AB5420BD22A46FCF7B7
:1054600029FC63692B4463612846A3685B1BA36026
:1054700003B0F0BD0DD93246AF1B0191FCF71AFC09
:1054800001993A46E0683144FCF714FCE3683B4478
:10549000E9E72A46FCF70EFCE368E4E710B50A44A6
:1054A0000024C361029B8460C16002610362C0E9A1
:1054B0000000C0E9051110BD08B5D0E905329342DE
:1054C00001D1826882B98268013282605A1C4261CD
:1054D00019700021D0E904329A4224BFC3684361A5
:1054E00001F022F9002008BD4FF0FF30FBE700007B
:1054F00070B5302304460E4683F31188A568A5B124
:10550000A368A269013BA360531CA36115782269BB
:10551000934224BFE368A361E3690BB12046984737
:10552000002383F31188284607E03146204601F026
:10553000EBF80028E2DA85F3118870BD2DE9F74F0A
:1055400004460E4617469846D0F81C904FF0300A95
:105550008AF311884FF0000B154665B12A46314693
:105560002046FFF741FF034660B94146204601F05F
:10557000CBF80028F1D0002383F31188781B03B007
:10558000BDE8F08FB9F1000F03D001902046C84765
:10559000019B8BF31188ED1A1E448AF31188DCE716
:1055A000C160C361009B82600362C0E905111144C0
:1055B000C0E9000001617047F8B504460D46164683
:1055C000302383F31188A768A7B1A368013BA360C8
:1055D00063695A1C62611D70D4E904329A4224BF87
:1055E000E3686361E3690BB120469847002080F3CC
:1055F000118807E03146204601F086F80028E2DAFB
:1056000087F31188F8BD0000D0E9052310B59A4250
:1056100001D182687AB982680021013282605A1C05
:1056200082611C7803699A4224BFC368836101F0D8
:105630007BF8204610BD4FF0FF30FBE72DE9F74F18
:1056400004460E4617469846D0F81C904FF0300A94
:105650008AF311884FF0000B154665B12A46314692
:105660002046FFF7EFFE034660B94146204601F0B1
:105670004BF80028F1D0002383F31188781B03B086
:10568000BDE8F08FB9F1000F03D001902046C84764
:10569000019B8BF31188ED1A1E448AF31188DCE715
:1056A0000379052B05BF836A002001204B6004BFEE
:1056B0004FF400730B60704770B55D1E866A044638
:1056C0000D44B54205D9436B43F080034363012089
:1056D00070BD06250571FFF787FC05232371F7E7E9
:1056E00070B55D1E866A04460D44B54205D9436B0C
:1056F00043F080034363012070BD07250571FFF768
:1057000099FC05232371F7E738B505790446052D83
:1057100005D108230371FFF7B3FC257138BD0120C3
:10572000FCE700000323F0B5037185B00446FFF7E2
:105730004DFA002220461146FFF792FA4FF4D57237
:1057400003AB08212046FFF7ADFA0246B8B90123A2
:105750002363039BC3F30323012B09D103AB37213D
:105760002046FFF79FFA18B9A44B039A1340ABB138
:1057700020460125FFF75CFA0223237137E103ABD2
:10578000002237212046FFF78DFA28B99B4A039B58
:105790001A40002A00F0A78002232363236B03F042
:1057A0000F03022B40F0A9806425954E42F2107041
:1057B00000F086FF03AB324601212046FFF75CFA7A
:1057C0000028D5D1039B002B80F293805A0003D58B
:1057D000236B43F010032363002204F1080302212A
:1057E0002046FFF7BDFA02460028C1D104F1380374
:1057F00003212046FFF756FA0028B9D104F1180515
:10580000A26B092120462B46FFF7AAFA0028AFD148
:1058100002ABA26B07212046FFF744FA0646002898
:10582000A6D1236B03F00F03022B40F08F807E2262
:105830007F21284603F066F9012840F28780E76B54
:1058400042F2107000F03CFF08234FF4007239461A
:1058500020460096FFF7A0FA002889D1384603F0C9
:105860009FF9236BA06203F00F03022B72D103ABED
:10587000644A06212046FFF715FA002871D15F49D6
:10588000039B1940B1FA81F149092046FFF7B0F9AD
:1058900002AB4FF4007210212046FFF703FA0546D1
:1058A00000287FF465AF554E029B33427FF460AF12
:1058B000236B13F00E0F03F00F0273D0022A7FF454
:1058C00057AFE36A1978012900F09480022900F0AB
:1058D0009380002900F089804B4F2046FFF7AEF9F6
:1058E00003AB3A4676E0114620462263FFF7B8F94B
:1058F00054E7013D7FF45AAF3AE7444D6426444AE9
:105900003E4F012B18BF154603AB0022372120461E
:10591000FFF7C8F900287FF42BAF039B3B427FF4CD
:1059200027AF03AB2A4629212046FFF7A5F9002817
:105930007FF41EAF039B002BFFF648AF013E3FF400
:1059400017AF42F2107000F0BBFEDDE7284603F00F
:10595000FBF886E77E227F212846E66B03F0D2F82B
:1059600008B9002191E700234022314620460093E8
:105970000623FFF711FA0028F3D1B3895BBA9B071E
:10598000EFD5244B40223146204600930623FFF7F3
:1059900003FA0028E5D1317C01F00F010F3918BF5F
:1059A000012172E7E36A1978F9B101297FF4E0AEC9
:1059B0002046FFF743F903ABA26B37212046FFF7E0
:1059C00071F900287FF4D4AE039B33427FF4D0AE4C
:1059D00003AB022206212046FFF764F900287FF47A
:1059E000C7AE039B33427FF4C3AE05232371284621
:1059F00005B0F0BD084F70E7084F6EE708E0FFFD07
:105A00000080FFC00001B9030000B7030080FF5011
:105A100000001080F1FFFF800001B7030002B70310
:105A200037B504460C4D01ABA26B0D212046FFF7A4
:105A300039F978B9019B2B420BD1C3F34323042BD3
:105A400008D0053B022B04D84FF47A7000F038FEE2
:105A5000E9E7012003B030BD08E0FFFD70B5302359
:105A6000054683F3118803790024022B03D184F3C4
:105A70001188204670BD0423037184F31188022627
:105A8000FFF7CEFF04462846FFF7D2F82E71F0E765
:105A9000FFF72CB8044B0360012303710023436319
:105AA000C0E90A33704700BFA497000810B530233F
:105AB000044683F31188C162FFF732F80223002005
:105AC000237180F3118810BD10B53023044683F391
:105AD0001188FFF74BF800230122E362227183F360
:105AE000118810BD026843681143016003B1184773
:105AF000704700001430FFF721BD00004FF0FF3366
:105B00001430FFF71BBD00003830FFF797BD0000D1
:105B10004FF0FF333830FFF791BD00001430FFF72E
:105B2000E7BC00004FF0FF311430FFF7E1BC00008C
:105B30003830FFF741BD00004FF0FF323830FFF73B
:105B40003BBD0000012914BF6FF013000020704717
:105B5000FFF7D2BA044B036000234360C0E902336D
:105B600001230374704700BFC897000810B53023A5
:105B7000044683F31188FFF72FFB022300202374D0
:105B800080F3118810BD000038B5C36904460D4686
:105B90001BB904210844FFF7A5FF294604F11400AE
:105BA000FFF78AFC002806DA201D4FF40061BDE8EB
:105BB0003840FFF797BF38BD026843681143016062
:105BC00003B118477047000013B5406B00F58054CF
:105BD000D4F8A4381A681178042914D1017C022958
:105BE00011D11979012312898B4013420BD101A9DC
:105BF0004C3002F0B5FED4F8A4480246019B21794E
:105C0000206800F0DFF902B010BD0000143002F08F
:105C100037BE00004FF0FF33143002F031BE0000F9
:105C20004C3002F009BF00004FF0FF334C3002F05F
:105C300003BF0000143002F005BE00004FF0FF313A
:105C4000143002F0FFBD00004C3002F0D5BE000061
:105C50004FF0FF324C3002F0CFBE00000020704702
:105C600010B500F58054D4F8A4381A6811780429C6
:105C700017D1017C022914D15979012352898B4013
:105C800013420ED1143002F097FD024648B1D4F809
:105C9000A4484FF4407361792068BDE8104000F0DB
:105CA0007FB910BD406BFFF7DBBF000070470000FD
:105CB0007FB5124B012504260446036000230574BA
:105CC00000F1840243602946C0E902330C4B029084
:105CD000143001934FF44073009602F049FD094BD4
:105CE00004F69442294604F14C000294CDE9006385
:105CF0004FF4407302F010FE04B070BDF09700083E
:105D0000A55C0008C95B00080A68302383F311888A
:105D10000B790B3342F823004B79133342F82300FD
:105D20008B7913B10B3342F8230000F58053C3F88D
:105D3000A41802230374002080F311887047000028
:105D400038B5037F044613B190F85430ABB9012540
:105D5000201D0221FFF730FF04F114006FF0010154
:105D6000257700F0EDFC04F14C0084F854506FF0FE
:105D70000101BDE8384000F0E3BC38BD10B5012199
:105D800004460430FFF718FF0023237784F85430CB
:105D900010BD000038B504460025143002F000FDA7
:105DA00004F14C00257702F0CFFD201D84F85450FB
:105DB0000121FFF701FF2046BDE83840FFF750BF43
:105DC00090F8803003F06003202B06D190F88120FA
:105DD0000023212A03D81F2A06D800207047222A30
:105DE000FBD1C0E91D3303E0034A42670722826703
:105DF000C3670120704700BF4422002037B500F57B
:105E00008055D5F8A4381A68117804291AD1017C74
:105E1000022917D11979012312898B40134211D11C
:105E200000F14C04204602F04FFE58B101A9204673
:105E300002F096FDD5F8A4480246019B217920681E
:105E400000F0C0F803B030BD01F10B03F0B550F81D
:105E5000236085B004460D46FEB1302383F31188DC
:105E600004EB8507301D0821FFF7A6FEFB6806F14D
:105E70004C005B691B681BB1019002F07FFD01982B
:105E800003A902F06DFD024648B1039B2946204656
:105E900000F098F8002383F3118805B0F0BDFB688B
:105EA0005A691268002AF5D01B8A013B1340F1D1D0
:105EB00004F18002EAE70000133138B550F82140C0
:105EC000ECB1302383F3118804F58053D3F8A42870
:105ED0001368527903EB8203DB689B695D6845B107
:105EE00004216018FFF768FE294604F1140002F04F
:105EF0006DFC2046FFF7B4FE002383F3118838BD04
:105F00007047000001F092BD01234022002110B52E
:105F1000044600F8303BFBF7F3FE0023C4E90133ED
:105F200010BD000010B53023044683F311882422ED
:105F3000416000210C30FBF7E3FE204601F098FDA4
:105F400002230020237080F3118810BD70B500EB90
:105F50008103054650690E461446DA6018B11022D6
:105F60000021FBF7CDFEA06918B110220021FBF73C
:105F7000C7FE31462846BDE8704001F079BE0000FA
:105F800083682022002103F0011310B504468360CA
:105F90001030FBF7B5FE2046BDE8104001F0F4BE1E
:105FA000F0B4012500EB810447898D40E4683D434E
:105FB000A469458123600023A2606360F0BC01F006
:105FC00011BF0000F0B4012500EB810407898D406A
:105FD000E4683D436469058123600023A260636037
:105FE000F0BC01F087BF000070B502230025044615
:105FF000242203702946C0F888500C3040F8045C15
:10600000FBF77EFE204684F8705001F0C5FD636802
:106010001B6823B129462046BDE87040184770BD73
:106020000378052B10B504460AD080F88C30052380
:10603000037043681B680BB1042198470023A360D9
:1060400010BD00000178052906D190F88C20436826
:1060500002701B6803B118477047000070B590F8D4
:106060007030044613B1002380F8703004F18002D0
:10607000204601F0ADFE63689B68B3B994F88030A8
:1060800013F0600535D00021204602F09FF9002171
:10609000204602F08FF963681B6813B10621204681
:1060A0009847062384F8703070BD20469847002832
:1060B000E4D0B4F88630A26F9A4288BFA36794F9FF
:1060C0008030A56F002B4FF0300380F20381002D4C
:1060D00000F0F280092284F8702083F311880021F7
:1060E0002046D4E91D23FFF76DFF002383F31188B9
:1060F000DAE794F8812003F07F0343EA022340F2B9
:106100000232934200F0C58021D8B3F5807F48D099
:106110000DD8012B3FD0022B00F09380002BB2D181
:1061200004F1880262670222A267E367C1E7B3F560
:10613000817F00F09B80B3F5407FA4D194F882303A
:10614000012BA0D1B4F8883043F0020332E0B3F55C
:10615000006F4DD017D8B3F5A06F31D0A3F5C06351
:10616000012B90D86368204694F882205E6894F8EA
:106170008310B4F88430B047002884D04368636744
:106180000368A3671AE0B3F5106F36D040F60242F9
:1061900093427FF478AF5C4B63670223A3670023CD
:1061A000C3E794F88230012B7FF46DAFB4F88830E8
:1061B00023F00203A4F88830C4E91D55E56778E7A9
:1061C000B4F88030B3F5A06F0ED194F88230204639
:1061D00084F88A3001F03EFD63681B6813B1012129
:1061E00020469847032323700023C4E91D339CE70E
:1061F00004F18B0363670123C3E72378042B10D1D9
:10620000302383F311882046FFF7BAFE85F3118807
:106210000321636884F88B5021701B680BB1204602
:10622000984794F88230002BDED084F88B3004231A
:10623000237063681B68002BD6D002212046984744
:10624000D2E794F8843020461D0603F00F010AD5EA
:1062500001F0B0FD012804D002287FF414AF2B4BCD
:106260009AE72B4B98E701F097FDF3E794F882301B
:10627000002B7FF408AF94F8843013F00F01B3D0F3
:106280001A06204602D502F0B9F8ADE702F0AAF8E6
:10629000AAE794F88230002B7FF4F5AE94F88430AE
:1062A00013F00F01A0D01B06204602D502F08EF895
:1062B0009AE702F07FF897E7142284F8702083F3BE
:1062C00011882B462A4629462046FFF769FE85F3AA
:1062D0001188E9E65DB1152284F8702083F31188F6
:1062E00000212046D4E91D23FFF75AFEFDE60B22CC
:1062F00084F8702083F311882B462A4629462046CD
:10630000FFF760FEE3E700BF209800081898000838
:106310001C98000838B590F870300446002B3ED029
:10632000063BDAB20F2A34D80F2B32D8DFE803F05D
:106330003731310822323131313131313131373772
:10634000856FB0F886309D4214D2C3681B8AB5FBB6
:10635000F3F203FB12556DB9302383F311882B46FA
:106360002A462946FFF72EFE85F311880A2384F872
:1063700070300EE0142384F87030302383F31188DA
:10638000002320461A461946FFF70AFE002383F32E
:10639000118838BDC36F03B198470023E7E7002198
:1063A000204602F013F80021204602F003F863684B
:1063B0001B6813B10621204698470623D7E7000043
:1063C00010B590F870300446142B29D017D8062B3E
:1063D00005D001D81BB110BD093B022BFBD8002111
:1063E000204601F0F3FF0021204601F0E3FF63683F
:1063F0001B6813B1062120469847062319E0152B88
:10640000E9D10B2380F87030302383F31188002307
:106410001A461946FFF7D6FD002383F31188DAE701
:10642000C3689B695B68002BD5D1C36F03B19847E4
:10643000002384F87030CEE70023826880F824308F
:1064400083691B6899689142FBD25A680360426075
:1064500010605860704700000023826880F8243084
:1064600083691B6899689142FBD85A68036042604F
:10647000106058607047000008B50846302383F369
:10648000118891F82430032B05D0042B0DD02BB9A3
:1064900083F3118808BD8B6A00221A604FF0FF3326
:1064A0008362FFF7C9FF0023F2E7D1E900321360EE
:1064B0005A60F3E7034610B51B68984203D09C6806
:1064C0008A689442F8D25A680B604A601160596039
:1064D00010BD0000FFF7B0BF38B50B4B1C68DD687E
:1064E00085F82400226853601A600122DC60A368EA
:1064F00084F82420934201D101F062F92946204614
:10650000BDE83840F9F77EBF684600200C4B30B537
:10651000DD684B1C87B004460FD02B46094A6846FD
:1065200000F0A2F92046FFF7D7FF009B13B16846A1
:1065300000F0A4F9A86A07B030BDFFF7CDFFF9E776
:106540006846002079640008044B1A68DB6890688C
:106550009B68984294BF0020012070476846002045
:1065600038B50C4B1C68DD68226853601A60012244
:10657000DC6084F82420AB68934201D101F022F959
:106580002846FFF769FF01462046BDE83840F9F785
:1065900039BF00BF68460020044B1A68DB68926868
:1065A0009B689A4201D9FFF7DBBF7047684600201D
:1065B00038B50123084C00252370656002F01EFBEE
:1065C00002F044FB0549064802F01AFC022323703E
:1065D00085F3118838BD00BF1049002028980008B5
:1065E0006846002000F080B9034A516853685B1A7E
:1065F0009842FBD8704700BF001000E08B604B63EF
:106600000023CA6100F128020B6302230A618B8414
:106610000123886181F8263001F11003C26A4A61C2
:106620001360C36201F12C030846CB62704700007F
:10663000D0E90131026841F8183CA1F19C033839D6
:10664000CB60036941F8243C436941F8203C034B8B
:1066500041F8043CC3680248FFF7D0BF1D0400089E
:106660006846002008B5FFF7E3FFBDE80840FFF7E4
:1066700031BF000038B50E4BDC6804F12C05A06278
:10668000E06AA8420FD194F826303BB994F825303F
:106690009B0702BFD4E9043213605A600F20BDE8A3
:1066A0003840FFF719BF0368E362FFF713FFE7E71E
:1066B00068460020302383F31188FFF7DBBF00001A
:1066C00008B50146302383F311880820FFF71EFF29
:1066D000002383F3118808BD054BDB6821B10360FB
:1066E00098620320FFF712BF4FF0FF30704700BFE2
:1066F0006846002003682BB10022026018469962A8
:10670000FFF7E8BE70470000064BDB6839B142680E
:1067100018605A60136043600420FFF7F7BE4FF023
:10672000FF307047684600200368984206D01A6818
:106730000260506018469962FFF7CCBE70470000B7
:1067400038B504460D462068844200D138BD036840
:1067500023605C608562FFF7BDFEF4E7036810B557
:106760009C68A2420CD85C688A600B604C60216017
:10677000596099688A1A9A604FF0FF33836010BDA0
:10678000121B1B68ECE700000A2938BF0A2170B50C
:1067900004460D460A26601902F02AFA02F012FA9F
:1067A000041BA54203D8751C04462E46F3E70A2EA7
:1067B00004D90120BDE8704002F0EABB70BD0000C2
:1067C000F8B5144B0D460A2A4FF00A07D96103F1B8
:1067D0001001826038BF0A224160196914460160C5
:1067E00048601861A81802F0F3F902F0EBF9431BB6
:1067F0000646A34206D37C1C28192746354602F0DC
:10680000F7F9F2E70A2F04D90120BDE8F84002F0B9
:10681000BFBBF8BD68460020F8B506460D4602F03D
:10682000D1F90F4A134653F8107F9F4206D12A46EA
:1068300001463046BDE8F840FFF7C2BFD169BB68EA
:10684000441A2C1928BF2C46A34202D92946FFF727
:106850009BFF224631460348BDE8F840FFF77EBF64
:106860006846002078460020C0E90323002310B4C6
:106870005DF8044B4361FFF7CFBF000010B5194C22
:10688000236998420DD08168D0E9003213605A60C4
:106890009A680A449A60002303604FF0FF33A361B3
:1068A00010BD0268234643F8102F53600022026097
:1068B00022699A4203D1BDE8104002F093B993686F
:1068C00081680B44936002F07DF92269E169926866
:1068D000441AA242E4D91144BDE81040091AFFF756
:1068E00053BF00BF684600202DE9F047DFF8BC80A9
:1068F00008F110072C4ED8F8105002F063F9D8F8C0
:106900001C40AA68031B9A423ED814444FF0000969
:10691000D5E90032C8F81C4013605A60C5F80090F1
:10692000D8F81030B34201D102F05CF989F3118834
:10693000D5E9033128469847302383F311886B69E2
:10694000002BD8D002F03EF96A69A0EB0409824618
:106950004A450DD2022002F01BFB0022D8F810306D
:10696000B34208D151462846BDE8F047FFF728BF9B
:10697000121A2244F2E712EB09092946384638BFB9
:106980004A46FFF7EBFEB5E7D8F81030B34208D01F
:106990001444C8F81C00211AA960BDE8F047FFF7AD
:1069A000F3BEBDE8F08700BF7846002068460020AF
:1069B00038B502F007F9054AD2E90845031B181952
:1069C00045F10001C2E9080138BD00BF684600205A
:1069D00010B560B9074804790368053C9B6818BF87
:1069E0000124984708B144F00404204610BD012456
:1069F000FBE700BFC8360020FFF7EABF2DE9F047EC
:106A0000884617469A460446B0B90D4E3579052D8D
:106A100005D003240DE0013D15F0FF050ED03268CE
:106A2000534639463046D2F814904246C8470028AB
:106A3000F1D12046BDE8F0870424FAE70124F8E705
:106A4000C83600202DE9F047884617469A46044686
:106A5000B0B90D4E3579052D05D003240DE0013D6B
:106A600015F0FF050ED03268534639463046D2F84D
:106A700018904246C8470028F1D12046BDE8F0876B
:106A80000424FAE70124F8E7C836002037B50C469D
:106A9000154670B951B101290BD107486946036801
:106AA0001B6A984710B9019B04462B60204603B02F
:106AB00030BD0424FAE700BFC8360020002070472C
:106AC000FEE70000704700004FF0FF307047000005
:106AD0004B6843608B688360CB68C3600B6943611C
:106AE0004B6903628B6943620B6803607047000067
:106AF00008B53C4B40F2FF713B48D3F888200A436D
:106B0000C3F88820D3F8882022F4FF6222F007021D
:106B1000C3F88820D3F88830344B1A6C0A431A64BF
:106B20009A6E0A439A66324A9B6E1146FFF7D0FF6F
:106B300000F5806002F11C01FFF7CAFF00F58060DC
:106B400002F13801FFF7C4FF00F5806002F1540143
:106B5000FFF7BEFF00F5806002F17001FFF7B8FF9C
:106B600000F5806002F18C01FFF7B2FF00F5806054
:106B700002F1A801FFF7ACFF00F5806002F1C4014B
:106B8000FFF7A6FF00F5806002F1E001FFF7A0FF2C
:106B900000F5806002F1FC01FFF79AFF02F58C71AD
:106BA00000F58060FFF794FF01F0BCFC114BD3F8B7
:106BB000902242F00102C3F89022D3F8942242F0CE
:106BC0000102C3F894220522C3F898204FF06052C6
:106BD000C3F89C20084AC3F8A020BDE8084000F094
:106BE00005BD00BF0044025800000258004502588D
:106BF0003C98000800ED00E01F00080308B501F014
:106C0000A3FDFFF7D5FC0D4BDA6B42F04002DA63CF
:106C10005A6E22F040025A665B6E094B1A6842F0C7
:106C200008021A601A6842F004021A6000F0B2FD0D
:106C300000F03EFBBDE8084000F0B4B80045025843
:106C4000001802480120704700207047704700007C
:106C500002290CD0032904D00129074818BF0020BD
:106C60007047032A05D8054800EBC2007047044866
:106C700070470020704700BF3C9A00085422002053
:106C8000F099000870B59AB005460846144601A967
:106C900000F0C2F801A8FBF72BF8431C0022C6B293
:106CA0005B001046C5E9003423700323023404F866
:106CB000013C01ABD1B202348E4201D81AB070BD92
:106CC00013F8011B013204F8010C04F8021CF1E76F
:106CD00008B5302383F311880348FFF78FF80023AA
:106CE00083F3118808BD00BF1849002090F8803058
:106CF00003F01F02012A07D190F881200B2A03D14B
:106D00000023C0E91D3315E003F06003202B08D1F8
:106D1000B0F884302BB990F88120212A03D81F2A9B
:106D200004D8FFF74DB8222AEBD0FAE7034A4267AE
:106D300007228267C3670120704700BF4B220020F3
:106D400007B5052917D8DFE801F01916031919202E
:106D5000302383F31188104A01210190FFF7F6F8E0
:106D6000019802210D4AFFF7F1F80D48FFF712F8DC
:106D7000002383F3118803B05DF804FB302383F311
:106D800011880748FEF7DCFFF2E7302383F3118810
:106D90000348FEF7F3FFEBE790990008B499000869
:106DA0001849002038B50C4D0C4C2A460C4904F10A
:106DB0000800FFF767FF05F1CA0204F11000094956
:106DC000FFF760FF05F5CA7204F118000649BDE837
:106DD0003840FFF757BF00BFF06100205422002069
:106DE000709900087A9900088599000870B50446E2
:106DF00008460D46FAF77CFFC6B2204601340378F8
:106E00000BB9184670BD32462946FAF75DFF0028D7
:106E1000F3D10120F6E700002DE9F04705460C46C6
:106E2000FAF766FF2B49C6B22846FFF7DFFF08B125
:106E30000736F6B228492846FFF7D8FF08B11036C2
:106E4000F6B2632E0BD8DFF88C80DFF88C90234FDE
:106E5000DFF894A02E7846B92670BDE8F087294661
:106E60002046BDE8F04702F02BB9252E2ED107228F
:106E700041462846FAF728FF70B9194B224603F11C
:106E80000C0153F8040B8B4242F8040BF9D11B8818
:106E900007350E341380DDE7082249462846FAF705
:106EA00013FF98B9A21C0F4B197802320909C95D6A
:106EB00002F8041C13F8011B01F00F015345C95DD2
:106EC00002F8031CF0D118340835C3E7013504F883
:106ED000016BBFE75C9A000885990008739A000867
:106EE000649A000800E8F11F0CE8F11FBFF34F8F10
:106EF000044B1A695107FCD1D3F810215207F8D17D
:106F0000704700BF0020005208B50D4B1B78ABB98D
:106F1000FFF7ECFF0B4BDA68D10704D50A4A5A6039
:106F200002F188325A60D3F80C21D20706D5064AFE
:106F3000C3F8042102F18832C3F8042108BD00BF60
:106F40004E640020002000522301674508B5114B14
:106F50001B78F3B9104B1A69510703D5DA6842F070
:106F60004002DA60D3F81021520705D5D3F80C217E
:106F700042F04002C3F80C21FFF7B8FF064BDA6875
:106F800042F00102DA60D3F80C2142F00102C3F8AA
:106F90000C2108BD4E640020002000520F289ABF2B
:106FA00000F5806040040020704700004FF400307E
:106FB00070470000102070470F2808B50BD8FFF766
:106FC000EDFF00F500330268013204D10430834242
:106FD000F9D1012008BD0020FCE700000F2838B5DA
:106FE00005463FD8FFF782FF1F4CFFF78DFF4FF09C
:106FF000FF3307286361C4F814311DD82361FFF7FC
:1070000075FF030243F02403E360E36843F0800369
:10701000E36023695A07FCD42846FFF767FFFFF7B0
:10702000BDFF4FF4003100F0BDFA2846FFF78EFF98
:10703000BDE83840FFF7C0BFC4F81031FFF756FF76
:10704000A0F108031B0243F02403C4F80C31D4F868
:107050000C3143F08003C4F80C31D4F810315B07D5
:10706000FBD4D9E7002038BD002000522DE9F84FAD
:1070700004460D46104644EA0203DE0602D0002014
:10708000BDE8F88F20F01F00DFF8D4B0DFF8D4A0FF
:10709000FFF73AFF05EB0008454503D10120FFF754
:1070A00055FFEDE720222946204601F0D1FF10B917
:1070B00020342035F0E7234604F120021F68791CB4
:1070C000DDD104339342F9D104F178432048214EB5
:1070D000B3F5801F204B38BF184603F1F80332BFC9
:1070E000D946D1461E46FFF701FF0760A4EB050C09
:1070F000336805F11C0143F0020333602B1FD9F8FC
:10710000007017F00507FAD153F8042F8B424CF8A2
:107110000320F4D1BFF34F8FFFF7E8FE4FF0FF33AA
:107120000360336823F002033360BFF34F8F0B4BD0
:10713000C3F85C42BFF34F8FBFF36F8F2022294605
:10714000204601F085FF0028B2D03846A7E700BFEF
:10715000142100520C2000521420005200ED00E0D7
:10716000102000521021005210B5084C237828B18D
:107170001BB9FFF7C9FE0123237010BD002BFCD003
:107180002070BDE81040FFF7E1BE00BF4E64002054
:107190002DE9F04F0D4685B0814658B111F00D062E
:1071A00014BF2022082211F00803019304D0431ECB
:1071B000034269D0002435E0002E37D009F11F01C9
:1071C00021F01F094FF00108314F05F00403DFF8EB
:1071D000CCA005EA080BBBF1000F32D07869C007DC
:1071E0002FD408F101080C37B8F1060FF3D19EB97E
:1071F000284D4946A819019201F04AFD044600288D
:1072000039D12036019AA02EF3D1494601F040FD34
:10721000044600282FD1019A49461F4801F038FD45
:10722000044660BB204605B0BDE8F08F0029C9D1F7
:1072300001462846029201F02BFD0446D8B9029A75
:10724000C0E713B178694107CBD5AC0702D578699F
:107250008007C6D5019911B178690107C1D54946A2
:107260000AEB4810CDE9022301F012FD0446DDE9E6
:1072700002230028B5D04A460021204601E04A46B4
:107280000021FAF73DFDCDE70246002E96D199E7A1
:10729000849A0008906400205064002070640020EC
:1072A0000021FFF775BF00000121FFF771BF00004B
:1072B00000231A4670B51A600433B3F5806FFAD113
:1072C000104D0124104E06EB441001342A6955F884
:1072D0000C1F01F0C9FC062CF5D137254FF4C05422
:1072E0002046FFF7E1FF014628B122460748BDE8E6
:1072F000704001F0B9BCC4EBC404013D4FEAD404B2
:10730000EED170BD849A00087064002050640020A3
:107310000421FFF73DBF00004843FFF7C1BF000055
:1073200008B101F027BD7047B0F5805F10B5044685
:1073300007D8FFF7EDFF28B92046BDE81040FFF75A
:10734000AFBF002010BD0000FFF7EABF70B5AAB1C3
:1073500040EA010313F01F030FD1094C0144A56853
:107360006D0706D52568A84203D366683544A9424F
:1073700004D903330C34122BF1D10022104670BD16
:10738000849A000808B501F00BFE034AD2E90032E6
:10739000C01842EB010108BD30650020434BD3E922
:1073A00000232DE9F34113437CD0FFF7EBFF404A64
:1073B00000230027F9F740F806460D463D4A002312
:1073C000F9F73AF80023144630462946394AF9F7C6
:1073D00033F84FF461613C23ADF80170B4FBF1F573
:1073E000B4FBF3F601FB154103FB16464624B1FB43
:1073F000F3F1314BF6B28DF8004098423CD84FF093
:10740000640C4FF4C87EA30704F26C7225D1B2FB62
:10741000FCF30CFB132313BBB2FBFEF30EFB132296
:10742000B2FA82F35B0903F26D18621C8045D2B296
:1074300017D90FB18DF800400022204C4FF00C0CF2
:1074400017460CFB0343D4B2013213F804C0844541
:107450000CD8A0EB0C000127F5E70023E3E701239C
:10746000E1E7A0EB080014460127CCE70FB18DF847
:107470000140431C8DF802309DF80100431C9DF82B
:1074800000005038400640EA43509DF8023040EA80
:10749000034040EA560040EAC52040EA411002B0ED
:1074A000BDE8F0814FF40410F9E700BF306500201B
:1074B00040420F008051010090230B00CC9A00083D
:1074C0000244074BD2B210B5904200D110BD441C0B
:1074D00000B253F8200041F8040BE0B2F4E700BF1B
:1074E000504000580E4B30B51C6F240405D41C6F5F
:1074F0001C671C6F44F400441C670A4C0244236858
:10750000D2B243F480732360074B904200D130BD68
:10751000441C51F8045B00B243F82050E0B2F4E799
:1075200000440258004802585040005807B5012254
:1075300001A90020FFF7C4FF019803B05DF804FB28
:1075400013B50446FFF7F2FFA04205D0012201A9BE
:1075500000200194FFF7C6FF02B010BD10B56424EF
:10756000013C4FF47A70FFF7ABF814F0FF04F7D149
:107570000B4B4FF4002214249A614FF48012A3F5B0
:107580000063C3F818284FF400529A61013C4FF48D
:107590007A70FFF795F814F0FF04F7D110BD00BF23
:1075A000001002580144BFF34F8F064B884204D3AA
:1075B000BFF34F8FBFF36F8F7047C3F85C0220306B
:1075C000F4E700BF00ED00E00144BFF34F8F064B2E
:1075D000884204D3BFF34F8FBFF36F8F7047C3F858
:1075E00070022030F4E700BF00ED00E0114BDA69D3
:1075F00052021ED59A69D00704D50F4A9A6002F14B
:1076000044329A600B4BDA69D107FCD41A6A22F42F
:1076100080021A629A6942F002029A61DA69D2071C
:10762000FCD49A6942F001029A61024AD369DB07ED
:10763000FCD47047002000523B2A190870B505465B
:1076400016460C4601201021FFF766FE286046739F
:107650003CB1204636B1FFF75BFE2B68186000B1E5
:107660009C6070BDFFF720FEF7E70000F8B50F46FD
:107670001546044648B905F11F010126386821F076
:107680001F01FFF78FFF3046F8BD427B294638685F
:10769000FFF75CFE06460028EDD13B686360A368F7
:1076A000AB4210D213B12068FFF73AFE637B284645
:1076B0002BB1FFF72DFE206020B9A060E3E7FFF7B4
:1076C000F3FDF8E7A560206805F11F01012621F010
:1076D0001F013860FFF766FF2673D4E770B50E46CA
:1076E00002F11F010446154621F01F013046FFF745
:1076F0006BFF4CB12168B14206D1606810B12A46D7
:10770000FAF7D8FA0023237370BD0000F8B50F46CE
:107710001446054648B904F11F010126386821F0D6
:107720001F01FFF751FF3046F8BD427B2146386804
:10773000FFF70CFE06460028EDD1AB68A34210D23D
:1077400013B12868FFF7ECFD6B7B20462BB1FFF7E8
:10775000DFFD286020B9A860E5E7FFF7A5FDF8E7A1
:10776000AC60396819B122462868FAF7A3FA28688C
:1077700004F11F01012621F01F013860FFF724FFEB
:107780002E73D0E720B103688B4204BF002303733C
:1077900070470000034B1A681AB9034AD2F8D02484
:1077A0001A607047386500200040025808B5FFF79E
:1077B000F1FF024B1868C0F3806008BD38650020F7
:1077C0007047000070470000EFF3098305496833F4
:1077D0004A6B22F001024A6383F30988002383F392
:1077E0001188704700EF00E0302080F3118862B606
:1077F0000D4B0E4AD96821F4E0610904090C0A43D3
:107800000B49DA60D3F8FC2042F08072C3F8FC2008
:10781000084AC2F8B01F116841F00101116020222E
:10782000DA7783F82200704700ED00E00003FA05E4
:1078300055CEACC5001000E0302310B583F311889D
:107840000E4B5B6813F4006314D0F1EE103AEFF3C3
:1078500009844FF08073683CE361094BDB6B23665E
:1078600084F30988FEF770FE10B1064BA36110BDCA
:10787000054BFBE783F31188F9E700BF00ED00E05B
:1078800000EF00E02F0400083204000870B5BFF3D9
:107890004F8FBFF36F8F1A4A0021C2F85012BFF307
:1078A0004F8FBFF36F8F536943F400335361BFF3BE
:1078B0004F8FBFF36F8FC2F88410BFF34F8FD2F892
:1078C000803043F6E074C3F3C900C3F34E335B0169
:1078D00003EA0406014646EA81750139C2F860529E
:1078E000F9D2203B13F1200FF2D1BFF34F8F536930
:1078F00043F480335361BFF34F8FBFF36F8F70BD7D
:1079000000ED00E0FEE70000214B2248224A70B55E
:10791000904237D3214BC11EDA1C121A22F0030207
:107920008B4238BF00220021FAF7EAF91C4A0023F3
:10793000C2F88430BFF34F8FD2F8803043F6E07442
:10794000C3F3C900C3F34E335B0103EA04060146E7
:1079500046EA81750139C2F86C52F9D2203B13F125
:10796000200FF2D1BFF34F8FBFF36F8FBFF34F8F55
:10797000BFF36F8F0023C2F85032BFF34F8FBFF3B6
:107980006F8F70BD53F8041B40F8041BC0E700BFA5
:10799000D49B0008B4660020B4660020B4660020C2
:1079A00000ED00E0054B996B21EA000199631A6E26
:1079B00022EA00021A661B6E704700BF004502589B
:1079C00070B5D0E9244300224FF0FF359E6804EBE8
:1079D00042135101D3F80009002805DAD3F8000951
:1079E00040F08040C3F80009D3F8000B002805DA06
:1079F000D3F8000B40F08040C3F8000B013263184D
:107A00009642C3F80859C3F8085BE0D24FF001135F
:107A1000C4F81C3870BD0000890141F020010161EB
:107A200003699B06FCD41220FEF7DEBD10B50A4C9C
:107A30002046FEF769FA094BC4F89030084BC4F8A9
:107A40009430084C2046FEF75FFA074BC4F890309C
:107A5000064BC4F8943010BD3C650020000008407F
:107A6000089B0008D865002000000440149B000813
:107A700070B503780546012B58D13F4BD0F89040A4
:107A8000984254D13D4B0E2165209A6B42F0006222
:107A90009A631A6E42F000621A661B6E384BD3F876
:107AA000802042F00062C3F88020D3F8802022F0CA
:107AB0000062C3F88020D3F88030FDF769FC314BB9
:107AC000E360314BC4F800380023D5F89060C4F867
:107AD000003EC02323604FF40413A3633369002BDB
:107AE000FCDA01230C203361FEF77EFD3369DB07EE
:107AF000FCD41220FEF778FD3369002BFCDA002657
:107B00002846A660FFF75CFF6B68C4F81068DB6866
:107B1000C4F81468C4F81C6863BB1C4BA3614FF025
:107B2000FF336361A36843F00103A36070BD184B8A
:107B30009842C9D1114B4FF080609A6B42F00072AD
:107B40009A631A6E42F000721A661B6E0C4BD3F8E1
:107B5000802042F00072C3F88020D3F8802022F009
:107B60000072C3F88020D3F88030FFF71BFF0E218E
:107B70004D20A2E7074BD1E73C65002000450258A5
:107B8000004402584014004003002002003C30C072
:107B9000D8650020083C30C0F8B5D0F890400546C4
:107BA00000214FF000662046FFF736FFD5F894100D
:107BB00000234FF001128F684FF0FF30C4F83438C3
:107BC000C4F81C2804EB431201339F42C2F8006939
:107BD000C2F8006BC2F80809C2F8080BF2D20B68B1
:107BE000D5F89020C5F898306362102313611669A8
:107BF00016F01006FBD11220FEF7F6FCD4F8003880
:107C000023F4FE63C4F80038A36943F4402343F02F
:107C10001003A3610923C4F81038C4F814380B4BBF
:107C2000EB604FF0C043C4F8103B094BC4F8003B75
:107C3000C4F81069C4F80039D5F8983003F110027F
:107C400043F48013C5F89820A362F8BDE49A0008B5
:107C500040800010D0F8902090F88A10D2F80038B8
:107C600023F4FE6343EA0113C2F8003870470000B2
:107C70002DE9F84300EB8103D0F890500C46804684
:107C8000DA680FFA81F94801166806F00306731ED8
:107C9000022B05EB41134FF0000194BFB604384EA0
:107CA000C3F8101B4FF0010104F1100398BF06F157
:107CB000805601FA03F3916998BF06F50046002942
:107CC0003AD0578A04F15801374349016F50D5F82B
:107CD0001C180B430021C5F81C382B180127C3F8CA
:107CE0001019A7405369611E9BB3138A928B9B089E
:107CF000012A88BF5343D8F89820981842EA0343D2
:107D000001F140022146C8F89800284605EB82029E
:107D10005360FFF781FE08EB8900C3681B8A43EAC2
:107D2000845348341E4364012E51D5F81C381F4338
:107D3000C5F81C78BDE8F88305EB4917D7F8001B98
:107D400021F40041C7F8001BD5F81C1821EA0303F1
:107D5000C0E704F13F030B4A2846214605EB8303A5
:107D60005A60FFF759FE05EB4910D0F8003923F4AB
:107D70000043C0F80039D5F81C3823EA0707D7E7D5
:107D80000080001000040002D0F894201268C0F8AF
:107D90009820FFF715BE00005831D0F89030490107
:107DA0005B5813F4004004D013F4001F0CBF0220F2
:107DB000012070474831D0F8903049015B5813F4E6
:107DC000004004D013F4001F0CBF022001207047B4
:107DD00000EB8101CB68196A0B6813604B68536034
:107DE0007047000000EB810330B5DD68AA691368B5
:107DF000D36019B9402B84BF402313606B8A146889
:107E0000D0F890201C4402EB4110013C09B2B4FBB5
:107E1000F3F46343033323F0030343EAC44343F01F
:107E2000C043C0F8103B2B6803F00303012B0ED1B5
:107E3000D2F8083802EB411013F4807FD0F8003BF1
:107E400014BF43F0805343F00053C0F8003B02EBF3
:107E50004112D2F8003B43F00443C2F8003B30BD6E
:107E60002DE9F041D0F8906005460C4606EB411331
:107E7000D3F8087B3A07C3F8087B08D5D6F814383E
:107E80001B0704D500EB8103DB685B689847FA07A2
:107E90001FD5D6F81438DB071BD505EB8403D9684A
:107EA000CCB98B69488A5A68B2FBF0F600FB1622FF
:107EB0008AB91868DA6890420DD2121AC3E9002410
:107EC000302383F3118821462846FFF78BFF84F384
:107ED0001188BDE8F081012303FA04F26B8923EADB
:107EE00002036B81CB68002BF3D021462846BDE806
:107EF000F041184700EB81034A0170B5DD68D0F806
:107F000090306C692668E66056BB1A444FF4002036
:107F1000C2F810092A6802F00302012A0AB20ED13F
:107F2000D3F8080803EB421410F4807FD4F800095A
:107F300014BF40F0805040F00050C4F8000903EB3B
:107F40004212D2F8000940F00440C2F800090122B0
:107F5000D3F8340802FA01F10143C3F8341870BDB4
:107F600019B9402E84BF4020206020681A442E8A10
:107F70008419013CB4FBF6F440EAC44040F00050E0
:107F8000C6E700002DE9F843D0F8906005460C469E
:107F90004F0106EB4113D3F8088918F0010FC3F81D
:107FA00008891CD0D6F81038DB0718D500EB810300
:107FB000D3F80CC0DCF81430D3F800E0DA6896454A
:107FC00030D2A2EB0E024FF000091A60C3F8049001
:107FD000302383F31188FFF78DFF89F3118818F0A0
:107FE000800F1DD0D6F834380126A640334217D072
:107FF00005EB84030134D5F89050D3F80CC0E4B2FB
:108000002F44DCF8142005EB0434D2F800E051686A
:10801000714514D3D5F8343823EA0606C5F8346818
:10802000BDE8F883012303FA01F2038923EA02037E
:108030000381DCF80830002BD1D09847CFE7AEEBB6
:108040000103BCF81000834228BF0346D7F8180983
:1080500080B2B3EB800FE3D89068A0F1040959F81F
:10806000048FC4F80080A0EB09089844B8F1040F0D
:10807000F5D818440B4490605360C8E72DE9F84FD9
:10808000D0F8905004466E69AB691E4016F48058D3
:108090006E6103D0BDE8F84FFDF7A6BF002E12DADF
:1080A000D5F8003E9B0705D0D5F8003E23F003032A
:1080B000C5F8003ED5F80438204623F00103C5F882
:1080C0000438FDF7BFFF370505D52046FFF778FCDC
:1080D0002046FDF7A5FFB0040CD5D5F8083813F0FD
:1080E000060FEB6823F470530CBF43F4105343F4B2
:1080F000A053EB6031071BD56368DB681BB9AB6924
:1081000023F00803AB612378052B0CD1D5F8003E92
:108110009A0705D0D5F8003E23F00303C5F8003ECA
:108120002046FDF78FFF6368DB680BB12046984758
:10813000F30200F1BA80B70226D5D4F89090002758
:108140004FF0010A09EB4712D2F8003B03F4402339
:10815000B3F5802F11D1D2F8003B002B0DDA6289E4
:108160000AFA07F322EA0303638104EB8703DB685F
:10817000DB6813B13946204698470137D4F894306C
:10818000FFB29B689F42DDD9F00619D5D4F8900064
:10819000026AC2F30A1702F00F0302F4F012B2F5FA
:1081A000802F00F0CA80B2F5402F09D104EB830381
:1081B000002200F58050DB681B6A974240F0B080D7
:1081C0003003D5F8185835D5E90303D500212046EA
:1081D000FFF746FEAA0303D501212046FFF740FE24
:1081E0006B0303D502212046FFF73AFE2F0303D588
:1081F00003212046FFF734FEE80203D50421204680
:10820000FFF72EFEA90203D505212046FFF728FE21
:108210006A0203D506212046FFF722FE2B0203D572
:1082200007212046FFF71CFEEF0103D50821204659
:10823000FFF716FE700340F1A780E90703D5002180
:108240002046FFF79FFEAA0703D501212046FFF72E
:1082500099FE6B0703D502212046FFF793FE2F07F7
:1082600003D503212046FFF78DFEEE0603D504213A
:108270002046FFF787FEA80603D505212046FFF715
:1082800081FE690603D506212046FFF77BFE2A06FC
:1082900003D507212046FFF775FEEB0574D5204670
:1082A0000821BDE8F84FFFF76DBED4F890904FF06D
:1082B000000B4FF0010AD4F894305FFA8BF79B68FB
:1082C0009F423FF638AF09EB4713D3F8002902F479
:1082D0004022B2F5802F20D1D3F80029002A1CDAE1
:1082E000D3F8002942F09042C3F80029D3F80029BE
:1082F000002AFBDB3946D4F89000FFF78DFB22897A
:108300000AFA07F322EA0303238104EB8703DB68FD
:108310009B6813B13946204698470BF1010BCAE719
:10832000910701D1D0F80080072A02F101029CBF19
:1083300003F8018B4FEA18283FE704EB830300F5AD
:108340008050DA68D2F818C0DCF80820DCE9001C9C
:10835000A1EB0C0C00218F4208D1DB689B699A6865
:108360003A449A605A683A445A6029E711F0030F78
:1083700001D1D0F800808C4501F1010184BF02F8E1
:10838000018B4FEA1828E6E7BDE8F88F08B50348E7
:10839000FFF774FEBDE80840FFF74EBA3C650020C9
:1083A00008B50348FFF76AFEBDE80840FFF744BA86
:1083B000D8650020D0F8903003EB4111D1F8003B94
:1083C00043F40013C1F8003B70470000D0F8903030
:1083D00003EB4111D1F8003943F40013C1F800391F
:1083E00070470000D0F8903003EB4111D1F8003B0A
:1083F00023F40013C1F8003B70470000D0F8903020
:1084000003EB4111D1F8003923F40013C1F800390E
:1084100070470000044BDA6B0243DA635A6E104374
:1084200058665B6E704700BF0045025808B53C4B6C
:108430004FF0FF31D3F8802062F00042C3F8802073
:10844000D3F8802002F00042C3F88020D3F88020C7
:10845000D3F88420C3F88410D3F884200022C3F812
:108460008420D3F88400D86F40F0FF4040F4FF0030
:1084700040F4DF4040F07F00D867D86F20F0FF4025
:1084800020F4FF0020F4DF4020F07F00D867D86F91
:10849000D3F888006FEA40506FEA5050C3F8880064
:1084A000D3F88800C0F30A00C3F88800D3F8880026
:1084B000D3F89000C3F89010D3F89000C3F8902040
:1084C000D3F89000D3F89400C3F89410D3F8940034
:1084D000C3F89420D3F89400D3F89800C3F8981008
:1084E000D3F89800C3F89820D3F89800D3F88C00FC
:1084F000C3F88C10D3F88C00C3F88C20D3F88C0010
:10850000D3F89C00C3F89C10D3F89C10C3F89C20AF
:10851000D3F89C30FCF7FAF9BDE8084000F0F8B851
:108520000044025808B50122504BC3F80821504BB3
:108530005A6D42F002025A65DA6F42F00202DA67BF
:108540000222DB6F4B4BDA605A689104FCD54A4A31
:108550001A6001229A60494ADA6000221A614FF4D7
:1085600040429A61434B9A699204FCD51A6842F4DE
:1085700080721A60424B1A6F12F4407F04D04FF49D
:1085800080321A6700221A671A6842F001021A60E4
:108590003B4B1A685007FCD500221A611A6912F089
:1085A0003802FBD1012119604FF0804159605A67B0
:1085B000344ADA62344A1A611A6842F480321A6024
:1085C0002F4B1A689103FCD51A6842F480521A6046
:1085D0001A689204FCD52D4A2D499A6200225A63EA
:1085E000196301F57C01DA6301F2E71199635A64BA
:1085F000284A1A64284ADA621A6842F0A8521A60B5
:108600001F4B1A6802F02852B2F1285FF9D14822B4
:108610009A614FF48862DA6140221A621F4ADA6472
:108620001F4A1A651F4A5A651F4A9A6532231F4A14
:108630001360136803F00F03022BFAD1104A136979
:1086400043F003031361136903F03803182BFAD1C5
:108650004FF00050FFF7DEFE4FF08040FFF7DAFEEC
:108660004FF00040BDE80840FFF7D4BE0080005145
:10867000004502580048025800C000F00200000106
:10868000004402580000FF010088900822204000AA
:1086900063020901470E0508DD0BBF012000002021
:1086A000000001100910E00000010110002000523C
:1086B00008B50348FCF7E6FCBDE80840FFF7BCB886
:1086C000C836002008B50348FCF7DCFDBDE80840CB
:1086D000FFF7B2B82039002008B50348FCF7D2FDF7
:1086E000BDE80840FFF7A8B88C39002008B503485A
:1086F000FCF7C8FDBDE80840FFF79EB8F839002038
:1087000008B500F08FFCBDE80840FFF795B8000001
:1087100008B509217A20FCF73BFE09217C20FCF7F3
:1087200037FE07213220FCF733FE0C212720FCF70F
:108730002FFE0C213520FCF72BFE0C215220BDE82A
:108740000840FCF725BE000008B5FFF76FFE00F0FB
:1087500043FCFDF7FDF9FDF79BF9FDF7D3FBFDF7B2
:10876000A5FAFEF773FABDE8084000F029BA000048
:1087700030B50433039C0172002104FB0325C16062
:10878000C0E90653049B0363059BC0E90000C0E9F0
:108790000422C0E90842C0E90A11436330BD000069
:1087A0000022416AC260C0E90411C0E90A226FF0E8
:1087B0000101FDF7C5BF0000D0E90432934201D1A9
:1087C000C2680AB9181D7047002070470369196014
:1087D0000021C2680132C260C269134482699342B7
:1087E000036124BF436A0361FDF79EBF38B50446A9
:1087F0000D46E3683BB162690020131D1268A36255
:108800001344E36207E0237A33B929462046FDF793
:108810007BFF0028EDDA38BD6FF00100FBE70000B8
:10882000C368C269013BC3604369134482699342D0
:10883000436124BF436A436100238362036B03B136
:108840001847704770B53023044683F31188866A51
:108850003EB9FFF7CBFF054618B186F311882846CD
:1088600070BDA36AE26A13F8015B9342A36202D36C
:108870002046FFF7D5FF002383F31188EFE70000C0
:108880002DE9F84F04460E46174698464FF030093A
:1088900089F311880025AA46D4F828B0BBF1000F4F
:1088A00009D141462046FFF7A1FF20B18BF3118883
:1088B0002846BDE8F88FD4E90A12A7EB050B521A37
:1088C000934528BF9346BBF1400F1BD9334601F1B6
:1088D000400251F8040B914243F8040BF9D1A36A0A
:1088E000403640354033A362D4E90A239A4202D38A
:1088F0002046FFF795FF8AF31188BD42D8D289F34D
:108900001188C9E730465A46F9F7D4F9A36A5E449C
:108910005D445B44A362E7E710B5029C0433017237
:1089200003FB0421C460C0E906130023C0E90A3335
:10893000039B0363049BC0E90000C0E90422C0E973
:108940000842436310BD0000026A6FF00101C2607B
:10895000426AC0E904220022C0E90A22FDF7F0BE03
:10896000D0E904239A4201D1C26822B9184650F8CE
:10897000043B0B60704700231846FAE7C3680021E8
:10898000C2690133C36043691344826993424361FE
:1089900024BF436A4361FDF7C7BE000038B50446F3
:1089A0000D46E3683BB1236900201A1DA262E2690B
:1089B0001344E36207E0237A33B929462046FDF7E2
:1089C000A3FE0028EDDA38BD6FF00100FBE70000E0
:1089D00003691960C268013AC260C26913448269BE
:1089E0009342036124BF436A036100238362036BE4
:1089F00003B118477047000070B530230D46044698
:108A0000114683F31188866A2EB9FFF7C7FF10B1AC
:108A100086F3118870BDA36A1D70A36AE26A0133F0
:108A20009342A36204D3E16920460439FFF7D0FFE3
:108A3000002080F31188EDE72DE9F84F04460D463C
:108A4000904699464FF0300A8AF311880026B346C3
:108A5000A76A4FB949462046FFF7A0FF20B187F328
:108A600011883046BDE8F88FD4E90A073A1AA8EB16
:108A70000607974228BF1746402F1BD905F1400330
:108A800055F8042B9D4240F8042BF9D1A36A4036D7
:108A90004033A362D4E90A239A4204D3E169204611
:108AA0000439FFF795FF8BF311884645D9D28AF335
:108AB0001188CDE729463A46F9F7FCF8A36A3D4408
:108AC0003E443B44A362E5E7D0E904239A4217D130
:108AD000C3689BB1836A8BB1043B9B1A0ED01360B1
:108AE000C368013BC360C3691A4483699A42026147
:108AF00024BF436A03610023836201231846704741
:108B00000023FBE701F01F03F0B502F01F04560934
:108B10005A1C0123B6EB511F50F8265003FA02F3FA
:108B20004FEA511703F1FF333DBF50F82720C4F13E
:108B30002000134003EA05003BBF03FA00F225FAC8
:108B400004F0E0401043F0BD70B57E227F21054661
:108B5000FFF7D8FF18B1012819D0002070BD3E22C0
:108B600049212846FFF7CEFF2F220446312128460F
:108B7000FFF7C8FF0646013450220236532128462B
:108B8000B440FFF7BFFF093804FA00F0E6E73022EF
:108B900045212846FFF7B6FF01308002DEE70000DE
:108BA00090F8D63090F8D7201B0403EB026390F8BE
:108BB000D42090F8D500134403EB00207047000048
:108BC00000F00CBA014B586A704700BF000C00401F
:108BD000034B002258631A610222DA60704700BF1B
:108BE000000C0040014B0022DA607047000C00408E
:108BF000014B5863704700BF000C0040024B034A12
:108C00001A60034A5A6070478C660020B8660020DC
:108C100000000220074B494210B55C68201A08404A
:108C20001968821A8A4203D3A24201D85A6010BD41
:108C30000020FCE78C66002008B5302383F3118800
:108C4000FFF7E8FF002383F3118808BD0448054BB4
:108C500003600023C0E901330C3000F017B900BFF6
:108C600094660020398C0008CB1D083A23F00703D6
:108C7000591A521A10B4D2080024C0E90043846083
:108C80000C301C605A605DF8044B00F0FFB8000027
:108C90002DE9F74F364FCD1D8846002818BF0746EF
:108CA000082A4FEAD50538BF082207F10C003C1D01
:108CB0009146019000F02CF9019809F10701C9F1E2
:108CC000000E2246246864B900F02CF93B68CBB34F
:108CD00008224946E8009847044698B340E90278DC
:108CE00030E004EB010CD4F804A00CEA0E0C0AF1FD
:108CF0000106ACF1080304EBC6069E42E1D9A6EBDF
:108D00000C0CB5EBEC0F4FEAEC0BDAD89C421DD201
:108D100004F10802AB45A3EB02024FEAE2026260F3
:108D200009D9691CED4303EBC1025D445560256818
:108D300043F8315022601C46C3F8048044F8087B95
:108D400000F0F0F8204603B0BDE8F08FAA45216896
:108D500002D111602346EEE7013504EBC50344F868
:108D6000351003F10801761AF6105E601360F1E722
:108D70009466002073B50446A0F1080550F8080C6D
:108D800054F8043C061D0C3007330190DB0844F80E
:108D9000043C00F0BDF8334601989E421A6801D0A9
:108DA000AB4228D20AB1954225D244F8082C54F897
:108DB000042C1D60013254F8081C05EBC206B142B8
:108DC00006D14E68324444F8042C0A6844F8082C52
:108DD0005E68711C03EBC1018D4207D154F8042C6D
:108DE000013232445A6054F8082C1A6002B0BDE8CF
:108DF000704000F097B81346CFE70000FEE7000090
:108E000070B51E4B0025044686B058600E460563BB
:108E10008163FEF7E9FC04F12803A5606563C4E9FA
:108E20000A3304F11003C4E904334FF0FF33C4E9FB
:108E30000044C4E90635FFF7C5FE2B46024604F19F
:108E40003C012046C4E9082380230D4A6567FDF7ED
:108E5000D5FB7368E0600B4A03620123009280F83F
:108E600024306846F26801923269CDE90223064B4C
:108E7000CDE90435FDF7F6FB06B070BD10490020C2
:108E8000289B0008209B0008FD8D00080023C0E9F6
:108E9000000083600361704770B51C4B0546846811
:108EA000DE685CB3B44213D103690133036170BD62
:108EB000A36094F8243083B1062B15D1A06A214613
:108EC000D4E9003213605A60FDF7F4FAA36A9C6893
:108ED000B368A2689A42EBD306E0D4E90032204698
:108EE00013605A60FDF7F6FA28463146FDF7E2FABC
:108EF000B5620620BDE87040FDF7EEBA03698660F2
:108F000001330361336BC3603063D0E768460020F0
:108F100008B5302383F31188FFF7BEFF002383F3E6
:108F2000118808BD194BD96883688B4210B520D1D0
:108F3000302383F311880269013A0261B2B90468EF
:108F4000C368A0420B631ED04A6B9BB901238A60A1
:108F5000036103681A68026050601A6B8360C26024
:108F600018631846FDF7B6FAFDF716FB002383F3E6
:108F7000118810BD1C68A34203D0A468A24238BF68
:108F80002246DB68E1E78260F0E700BF6846002028
:108F9000024A536B18435063704700BF6846002075
:108FA00038B5EFF311859DB9EFF30584C4F30804D8
:108FB000302334B183F31188FDF7FAFC85F311886F
:108FC00038BD83F31188FDF7F3FC84F3118838BDB5
:108FD000BDE83840FDF7ECBC704700000E4B9A6CC2
:108FE00042F008029A641A6F42F008021A670B4AAC
:108FF0001B6FD36B43F00803D363C722084B9A62FD
:109000004FF0FF32DA6200229A615A63DA605A60E6
:1090100001225A611A607047004502580010005C36
:10902000000C0040094A08B51169D3680B40D9B259
:109030009B076FEA0101116107D5302383F3118883
:10904000FDF7D0FA002383F3118808BD000C00401F
:1090500010B501390244904201D1002005E00378A7
:1090600011F8014FA34201D0181B10BD0130F2E7E7
:10907000884210B501EB020402D98442234607D886
:10908000431EA14208D011F8012B03F8012FF8E785
:10909000024401468A4200D110BD13F8014D02F886
:1090A000014DF7E7C9B2034610F8012B1AB18A4205
:1090B000F9D118467047002918BF0023F9E70000CE
:1090C000034611F8012B03F8012B002AF9D1704750
:1090D00010B50139034632B111F8014F03F8014BC5
:1090E000013A002CF7D11A440021934200D110BD5F
:1090F00003F8011BF9E700003061636165633862C2
:10910000363331353338623300000000121000006E
:1091100012110000121300004D4435002D2D0A00DD
:109120002F6172647570696C6F742E6162696E0074
:109130002F6172647570696C6F742D7665726966E3
:10914000792E6162696E002F6172647570696C6F4F
:10915000742D666C6173682E6162696E002F617296
:10916000647570696C6F742D666C61736865642ECC
:109170006162696E00000000000000000000000055
:10918000FD0E0008990F000849110008D10F0008D2
:10919000910F00080000000000000000F90E000818
:1091A000A50F000881110008F50E0008010F000846
:1091B00053544D333248373F3F3F0053544D3332C1
:1091C000483733782F3732780053544D333248378D
:1091D00034332F3735332F373530000001105A0024
:1091E0000310590001205800032056002F000000F2
:1091F0005375636365737366756C6C79206D6F75F9
:109200006E746564205344436172642028736C6FEC
:1092100077646F776E3D2575290A0000EB769045DF
:10922000584641542020200046415433322020200B
:10923000000000002A3A3C3E7C223F7F002B2C3B62
:109240003D5B5D00435545414141414345454549ED
:10925000494941414592924F4F4F5555594F554FAE
:109260009C4F9E9F41494F55A5A5A6A7A8A9AAAB6B
:10927000ACADAEAFB0B1B2B3B4414141B8B9BABB15
:10928000BCBDBEBFC0C1C2C3C4C54141C8C9CACBB1
:10929000CCCDCECFD1D145454549494949D9DADB75
:1092A000DCDD49DF4FE14F4F4F4FE6E8E8555555BC
:1092B0005959EEEFF0F1F2F3F4F5F6F7F8F9FAFB9D
:1092C000FCFDFEFF01030507090E10121416181C01
:1092D0001E00000061001A03E0001703F8000703F6
:1092E000FF0001007801000130013201060139015F
:1092F00010014A012E017901060180014D0043024F
:109300008101820182018401840186018701870134
:1093100089018A018B018B018D018E018F019001E2
:109320009101910193019401F60196019701980131
:1093300098013D029B019C019D0120029F01A0011B
:10934000A001A201A201A401A401A601A701A701F5
:10935000A901AA01AB01AC01AC01AE01AF01AF01A3
:10936000B101B201B301B301B501B501B701B80153
:10937000B801BA01BB01BC01BC01BE01F701C001CB
:10938000C101C201C301C401C501C401C701C801B3
:10939000C701CA01CB01CA01CD011001DD010100E5
:1093A0008E01DE011201F3010300F101F401F40169
:1093B000F8012801220212013A020900652C3B0241
:1093C0003B023D02662C3F0240024102410246023E
:1093D0000A015302400081018601550289018A0178
:1093E00058028F015A0290015C025D025E025F0228
:1093F00093016102620294016402650266026702DF
:10940000970196016A02622C6C026D026E029C0149
:10941000700271029D01730274029F01760277024D
:10942000780279027A027B027C02642C7E027F023F
:10943000A60181028202A9018402850286028702B6
:10944000AE014402B101B20145028D028E028F02CB
:1094500090029102B7017B030300FD03FE03FF03AB
:10946000AC0304008603880389038A03B103110354
:10947000C2030200A303A303C4030803CC03030035
:109480008C038E038F03D8031801F2030A00F9033B
:10949000F303F403F503F603F703F703F903FA0301
:1094A000FA033004200350041007600422018A04E8
:1094B0003601C1040E01CF040100C004D0044401F0
:1094C00061052604000000007D1D0100632C001EC4
:1094D0009601A01E5A01001F0806101F0606201F35
:1094E0000806301F0806401F0606511F0700591FB7
:1094F000521F5B1F541F5D1F561F5F1F601F080612
:10950000701F0E00BA1FBB1FC81FC91FCA1FCB1F69
:10951000DA1FDB1FF81FF91FEA1FEB1FFA1FFB1FE3
:10952000801F0806901F0806A01F0806B01F040031
:10953000B81FB91FB21FBC1FCC1F0100C31FD01F13
:109540000206E01F0206E51F0100EC1FF31F0100E9
:10955000FC1F4E21010032217021100284210100E4
:109560008321D0241A05302C2F04602C0201672C93
:109570000601752C0201802C6401002D260841FF94
:109580001A030000C700FC00E900E200E400E0006C
:10959000E500E700EA00EB00E800EF00EE00EC0079
:1095A000C400C500C900E600C600F400F600F200E1
:1095B000FB00F900FF00D600DC00F800A300D80093
:1095C000D7009201E100ED00F300FA00F100D100B4
:1095D000AA00BA00BF00AE00AC00BD00BC00A100F4
:1095E000AB00BB0091259225932502252425C100BF
:1095F000C200C000A9006325512557255D25A200A2
:10960000A5001025142534252C251C2500253C25D6
:10961000E300C3005A255425692566256025502599
:109620006C25A400F000D000CA00CB00C8003101B6
:10963000CD00CE00CF0018250C2588258425A60056
:10964000CC008025D300DF00D400D200F500D50087
:10965000B500FE00DE00DA00DB00D900FD00DD0011
:10966000AF00B400AD00B1001720BE00B600A700E7
:10967000F700B800B000A800B700B900B300B2000E
:10968000A025A0001000024008000240000802408F
:1096900000000B00280002400800024004080240BD
:1096A00006010C0040000240080002400808024089
:1096B00010020D0058000240080002400C08024051
:1096C00016030E00700002400C0002401008024019
:1096D00000040F00880002400C0002401408024001
:1096E00006051000A00002400C00024018080240CD
:1096F00010061100B80002400C0002401C08024095
:1097000016072F00100402400804024020080240FF
:1097100000083800280402400804024024080240DF
:1097200006093900400402400804024028080240AB
:10973000100A3A0058040240080402402C08024073
:10974000160B3B00700402400C040240300802403B
:10975000000C3C00880402400C0402403408024023
:10976000060D4400A00402400C04024038080240E8
:10977000100E4500B80402400C0402403C080240B0
:10978000160F4600010000000000000000960000D7
:1097900000000000000000000000000000000000C9
:1097A0000000000000000000456C0008496C000843
:1097B000255700085D5A0008B9560008E156000810
:1097C00009570008A156000800000000115B0008BE
:1097D000FD5A0008395B0008255B0008315B000872
:1097E0001D5B0008095B0008F55A0008455B00088E
:1097F00000000000295C0008155C0008515C0008AE
:109800003D5C0008495C0008355C0008215C0008EC
:109810000D5C00085D5C0008000000000100000015
:1098200000000000633000002498000800000000E1
:1098300000000000E0460020104900200200802ABD
:1098400000020000AAAAAAAA01000024FFFF00004B
:109850000900000000A00A00000200A000000000B3
:10986000AAAAAAAA00010050FFFF000000000900F8
:10987000000000990000000600000000AAAAAAAAA1
:1098800000000001FFFF00000000000000000800D1
:1098900020600A0000000000AAAAAAAA1040050041
:1098A000FFFF00000008000B77000000401102409D
:1098B00000000000AAAAAAAA00100140E7FF0000C9
:1098C0000000000007000000002010000000000061
:1098D000AAAAAAAA00101000FFFF000000000007BB
:1098E000000000000040850000000000AAAAAAAA0B
:1098F00000404500FFFF00000000000000A0000045
:109900000000000000000000AAAAAAAA00000000AF
:10991000FFFF000000000000000000000000000049
:1099200000000000AAAAAAAA00000000FFFF000091
:109930000000000000000000000000000000000027
:10994000AAAAAAAA00000000FFFF00000000000071
:10995000000000000000000000000000AAAAAAAA5F
:1099600000000000FFFF00000000000000000000F9
:109970004172647550696C6F740025424F415244C6
:10998000252D424C002553455249414C25000000ED
:109990000200000000000000495E0008B95E0008F7
:1099A00040004000C0610020D061002002000000A3
:1099B000000000000300000000000000015F00083C
:1099C0000000000010000000E06100200000000026
:1099D00001000000000000003C65002001010200C1
:1099E000416D0008516C0008ED6C0008D16C000856
:1099F00043000000F899000809024300020100C07A
:109A000032090400000102020100052400100105D2
:109A10002401000104240202052406000107058236
:109A2000030800FF09040100020A00000007050105
:109A30000240000007058102400000001200000003
:109A4000449A000812011001020000400912415717
:109A500000020102030100000403090425424F41F2
:109A60005244250054443130302D415349582D562D
:109A70003658003031323334353637383941424385
:109A800044454600000000200000020002000000E3
:109A90000000003000000400080000000000002466
:109AA00000000800040000000004000000FC0000AA
:109AB00002000000000004300080000008000000E8
:109AC0000000003800000100010000001F1C1F1EE4
:109AD0001F1E1F1F1E1F1E1F1F1D1F1E1F1E1F1F9D
:109AE0001E1F1E1F000000005D60000815630008B7
:109AF000C1630008400040007466002074660020C6
:109B00000100000084660020800000004001000089
:109B10000800000000010000001000000800000024
:109B200069646C65000000006D61696E002C04388A
:109B3000040438080C10141C202425260000000002
:109B4000000064040100040000000000000C00108C
:109B5000283034001469FF7F01000000FFFFFFFF81
:109B6000FA0300000000000000001E0000000000DA
:109B7000FF00000018490020F83900208C3900202F
:109B80002039002000000000B0910008830400008C
:109B9000BB91000850040000C991000801000000BA
:109BA0000000000000960000000008009600000081
:109BB0000008000004000000589A0008000000009F
:109BC0000000000000000000000000000000000095
:049BD0000000000091
:00000001FF
